id,gender,masterCategory,subCategory,articleType,baseColour,season,year,usage,productDisplayName,image_path
15970,Men,Apparel,Topwear,Shirts,Navy Blue,Fall,2011.0,Casual,Turtle Check Men Navy Blue Shirt,images/15970.jpg
39386,Men,Apparel,Bottomwear,Jeans,Blue,Summer,2012.0,Casual,Peter England Men Party Blue Jeans,images/39386.jpg
59263,Women,Accessories,Watches,Watches,Silver,Winter,2016.0,Casual,Titan Women Silver Watch,images/59263.jpg
53759,Men,Apparel,Topwear,Tshirts,Grey,Summer,2012.0,Casual,Puma Men Grey T-shirt,images/53759.jpg
1855,Men,Apparel,Topwear,Tshirts,Grey,Summer,2011.0,Casual,Inkfruit Mens Chain Reaction T-shirt,images/1855.jpg
30805,Men,Apparel,Topwear,Shirts,Green,Summer,2012.0,Ethnic,Fabindia Men Striped Green Shirt,images/30805.jpg
26960,Women,Apparel,Topwear,Shirts,Purple,Summer,2012.0,Casual,Jealous 21 Women Purple Shirt,images/26960.jpg
29114,Men,Accessories,Socks,Socks,Navy Blue,Summer,2012.0,Casual,Puma Men Pack of 3 Socks,images/29114.jpg
30039,Men,Accessories,Watches,Watches,Black,Winter,2016.0,Casual,Skagen Men Black Watch,images/30039.jpg
9204,Men,Footwear,Shoes,Casual Shoes,Black,Summer,2011.0,Casual,Puma Men Future Cat Remix SF Black Casual Shoes,images/9204.jpg
48123,Women,Accessories,Belts,Belts,Black,Summer,2012.0,Casual,Fossil Women Black Huarache Weave Belt,images/48123.jpg
18653,Men,Footwear,Flip Flops,Flip Flops,Black,Fall,2011.0,Casual,Fila Men Cush Flex Black Slippers,images/18653.jpg
47957,Women,Accessories,Bags,Handbags,Blue,Summer,2012.0,Casual,Murcia Women Blue Handbag,images/47957.jpg
46885,Boys,Footwear,Flip Flops,Flip Flops,Navy Blue,Fall,2012.0,Casual,Ben 10 Boys Navy Blue Slippers,images/46885.jpg
12369,Men,Apparel,Topwear,Shirts,Purple,Fall,2011.0,Formal,Reid & Taylor Men Check Purple Shirts,images/12369.jpg
29928,Men,Accessories,Watches,Watches,Black,Winter,2016.0,Casual,Police Men Black Dial Watch PL12889JVSB,images/29928.jpg
42419,Girls,Apparel,Topwear,Tops,White,Summer,2012.0,Casual,Gini and Jony Girls Knit White Top,images/42419.jpg
47359,Women,Accessories,Bags,Handbags,Brown,Summer,2012.0,Casual,Baggit Women Brown Handbag,images/47359.jpg
17429,Men,Accessories,Watches,Watches,Black,Winter,2016.0,Casual,CASIO G-Shock Men Black Digital Watch G-7710-1DR G223,images/17429.jpg
12967,Men,Footwear,Sandal,Sandals,Black,Fall,2011.0,Casual,ADIDAS Men Spry M Black Sandals,images/12967.jpg
13089,Men,Apparel,Topwear,Sweatshirts,Grey,Fall,2011.0,Sports,ADIDAS Men Lfc Auth Hood Grey Sweatshirts,images/13089.jpg
7990,Men,Apparel,Topwear,Tshirts,Navy Blue,Fall,2011.0,Sports,Fila Men's Round Neck Navy Blue T-shirt,images/7990.jpg
21977,Women,Accessories,Bags,Handbags,Brown,Winter,2015.0,Casual,Murcia Women Casual Brown Handbag,images/21977.jpg
37812,Men,Apparel,Topwear,Shirts,Navy Blue,Summer,2012.0,Formal,John Players Men Navy Blue Shirt,images/37812.jpg
4729,Boys,Apparel,Topwear,Tshirts,Green,Summer,2011.0,Casual,Disney Kids Boy's Crew Sea Life Sialing Green Teen Kidswear,images/4729.jpg
56825,Men,Apparel,Topwear,Shirts,Brown,Summer,2012.0,Casual,John Players Men Brown Shirt,images/56825.jpg
39988,Men,Footwear,Shoes,Casual Shoes,White,Winter,2014.0,Casual,Gas Men Europa White Shoes,images/39988.jpg
58183,Women,Accessories,Bags,Handbags,White,Summer,2012.0,Casual,Rocky S Women White Handbag,images/58183.jpg
29742,Women,Accessories,Bags,Handbags,Teal,Summer,2012.0,Casual,Kiara Women Teal Handbag,images/29742.jpg
51658,Women,Accessories,Watches,Watches,Copper,Winter,2016.0,Casual,Fossil Women Copper Chronograph Watch CH2589,images/51658.jpg
3954,Women,Apparel,Topwear,Tshirts,Pink,Summer,2011.0,Casual,Jealous 21 Women's Pink T-shirt,images/3954.jpg
18839,Men,Accessories,Belts,Belts,Black,Fall,2011.0,Formal,Peter England Men Formal Black Belt,images/18839.jpg
23278,Men,Accessories,Watches,Watches,Off White,Winter,2016.0,Casual,Maxima Ssteele Men Off White Watch,images/23278.jpg
3168,Men,Footwear,Shoes,Sports Shoes,White,Fall,2010.0,Sports,Nike Men's Incinerate MSL White Blue Shoe,images/3168.jpg
18005,Men,Apparel,Bottomwear,Shorts,Black,Summer,2011.0,Sports,Puma Men Long Logo Black Bermuda,images/18005.jpg
9452,Men,Apparel,Topwear,Shirts,Red,Fall,2011.0,Formal,John Miller Men Stripes White Red Shirts,images/9452.jpg
38402,Women,Accessories,Belts,Belts,Black,Summer,2012.0,Casual,Baggit Women Hood Dabang Black Belt,images/38402.jpg
44984,Women,Accessories,Watches,Watches,White,Winter,2016.0,Casual,Maxima Women White Dial Watch,images/44984.jpg
5891,Men,Apparel,Topwear,Tshirts,Black,Summer,2011.0,Casual,Puma Men's Stripe Polo Black T-shirt,images/5891.jpg
38630,Women,Apparel,Topwear,Tshirts,Purple,Summer,2012.0,Casual,Nike Women Purple Polo T-shirt,images/38630.jpg
4943,Men,Apparel,Topwear,Shirts,White,Summer,2011.0,Casual,Gini and Jony Boy's Kaleb White Brown Kidswear,images/4943.jpg
11188,Men,Accessories,Watches,Watches,Silver,Winter,2016.0,Casual,Carrera Men Dial steel finish strap Silver Watches,images/11188.jpg
10866,Men,Apparel,Topwear,Tshirts,Red,Fall,2011.0,Casual,Wrangler Men Motor Rider Red T-Shirts,images/10866.jpg
15528,Men,Apparel,Topwear,Tshirts,Black,Fall,2011.0,Casual,Puma Men Scribble Black Tshirts,images/15528.jpg
45258,Men,Accessories,Watches,Watches,Black,Winter,2016.0,Casual,CASIO EDIFICE Men Black Dial Chronograph Watch ED60,images/45258.jpg
42841,Women,Accessories,Bags,Handbags,Beige,Summer,2012.0,Casual,French Connection Women Beige Handbag,images/42841.jpg
22198,Men,Footwear,Shoes,Casual Shoes,Black,Fall,2012.0,Casual,Timberland Men Black Casual Shoes,images/22198.jpg
29570,Men,Footwear,Shoes,Casual Shoes,Purple,Summer,2012.0,Casual,Vans Men Classic Slip-On Purple & Black Shoes,images/29570.jpg
6628,Men,Footwear,Shoes,Sports Shoes,White,Summer,2011.0,Sports,ADIDAS Men's Lowell White Silver Shoe,images/6628.jpg
54924,Men,Apparel,Bottomwear,Shorts,Blue,Summer,2012.0,Casual,Do U Speak Green Men Blue Shorts,images/54924.jpg
26538,Men,Footwear,Shoes,Casual Shoes,Red,Fall,2012.0,Casual,ID Men Red Shoes,images/26538.jpg
35913,Women,Accessories,Bags,Handbags,Black,Summer,2012.0,Casual,Peperone Women Black & White Handbag,images/35913.jpg
49495,Men,Footwear,Shoes,Casual Shoes,Khaki,Summer,2012.0,Casual,Vans Men Khaki Shoes,images/49495.jpg
9660,Men,Apparel,Topwear,Shirts,Pink,Fall,2011.0,Casual,Indigo Nation Men Reversible Bling Pink Shirts,images/9660.jpg
2288,Women,Apparel,Topwear,Tshirts,Black,Fall,2010.0,Sports,Nike Women Black T-shirt,images/2288.jpg
23876,Men,Apparel,Topwear,Sweatshirts,Blue,Fall,2011.0,Casual,ADIDAS Men Blue Sweatshirt,images/23876.jpg
18237,Men,Apparel,Topwear,Tshirts,Red,Fall,2011.0,Casual,Manchester United Men Solid Red Tshirt,images/18237.jpg
54118,Women,Footwear,Shoes,Heels,Black,Winter,2012.0,Casual,Rocia Women Black Flats,images/54118.jpg
2872,Women,Footwear,Shoes,Heels,Brown,Winter,2015.0,Casual,Catwalk Women Leather Flats,images/2872.jpg
49653,Women,Apparel,Topwear,Tops,Green,Summer,2012.0,Casual,Mineral Women Green Top,images/49653.jpg
8574,Women,Footwear,Sandal,Sandals,Pink,Fall,2011.0,Casual,Crocs Dora Boots Pink Sandals,images/8574.jpg
16957,Men,Accessories,Eyewear,Sunglasses,Black,Winter,2016.0,Casual,Image Men Sunglasses,images/16957.jpg
19123,Men,Footwear,Flip Flops,Flip Flops,Silver,Fall,2011.0,Casual,Lotto Men XL Water Man Silver Slippers,images/19123.jpg
13419,Men,Apparel,Topwear,Tshirts,Pink,Summer,2011.0,Casual,United Colors of Benetton Men Solid Pink Polo T-shirts,images/13419.jpg
43369,Men,Footwear,Flip Flops,Flip Flops,Black,Summer,2013.0,Casual,Reebok Men Black Possession Flip Flops,images/43369.jpg
44970,Men,Accessories,Watches,Watches,White,Winter,2016.0,Casual,Maxima Men White Dial Analog Chronograph Watch,images/44970.jpg
33822,Men,Footwear,Shoes,Sports Shoes,White,Summer,2012.0,Sports,Puma Men Axis White & Grey Sports Shoes,images/33822.jpg
58513,Women,Apparel,Topwear,Tops,Off White,Summer,2012.0,Casual,Tonga Women Maroon Top,images/58513.jpg
25947,Women,Accessories,Scarves,Scarves,Brown,Summer,2012.0,Casual,Femella Women Brown Scarf,images/25947.jpg
5865,Men,Apparel,Topwear,Tshirts,Black,Summer,2011.0,Casual,ADIDAS Men's Twelve Faster T-shirt,images/5865.jpg
39716,Women,Apparel,Dress,Dresses,Blue,Summer,2012.0,Casual,Arrow Woman Women Blue Dress,images/39716.jpg
11940,Men,Footwear,Sandal,Sandals,Black,Summer,2011.0,Casual,Ganuchi Men Casual Black Sandals,images/11940.jpg
29584,Men,Apparel,Topwear,Tshirts,Black,Summer,2012.0,Casual,Indigo Nation Men Printed Black T-shirt,images/29584.jpg
28456,Women,Apparel,Bottomwear,Skirts,Blue,Summer,2012.0,Sports,Urban Yoga Women Blue Skirt With Leggings,images/28456.jpg
34009,Girls,Apparel,Topwear,Tops,Black,Summer,2012.0,Casual,Gini and Jony Girls Black Top,images/34009.jpg
19311,Men,Footwear,Shoes,Casual Shoes,White,Fall,2011.0,Casual,Nike Men Air Rift MTR White Casual Shoe,images/19311.jpg
42089,Men,Footwear,Shoes,Sports Shoes,White,Summer,2012.0,Sports,ADIDAS Men White Corona Sports Shoes,images/42089.jpg
22950,Unisex,Accessories,Watches,Watches,Black,Winter,2016.0,Casual,Fastrack Unisex Black Dial Watch 9915PP13,images/22950.jpg
49461,Men,Footwear,Shoes,Casual Shoes,Blue,Summer,2012.0,Casual,Vans Men Blue Era Scilla Plaid Shoes,images/49461.jpg
8746,Unisex,Footwear,Flip Flops,Flip Flops,Navy Blue,Summer,2015.0,Casual,Crocs Kids Navy Blue Clogs,images/8746.jpg
9694,Men,Apparel,Topwear,Tshirts,White,Fall,2011.0,Casual,Classic Polo Men Vulcan White Polo Tshirts,images/9694.jpg
23882,Men,Footwear,Shoes,Sports Shoes,Grey,Fall,2011.0,Sports,Fila Men Destiny Grey Sports Shoes,images/23882.jpg
34835,Men,Footwear,Shoes,Sports Shoes,Blue,Summer,2012.0,Sports,ADIDAS Men Blue Chill Sports Shoes,images/34835.jpg
15984,Men,Apparel,Topwear,Shirts,Yellow,Fall,2011.0,Casual,Turtle Check Men Yellow Shirt,images/15984.jpg
11518,Women,Footwear,Shoes,Heels,Grey,Winter,2015.0,Casual,Catwalk Women Gun Metal Grey Heels,images/11518.jpg
33648,Men,Footwear,Sandal,Sandals,Brown,Summer,2012.0,Casual,Lotto Men Ridge Brown Sandals,images/33648.jpg
59297,Men,Apparel,Topwear,Shirts,White,Fall,2012.0,Casual,U.S. Polo Assn. Men White & Navy Blue Shirt,images/59297.jpg
27846,Women,Apparel,Topwear,Blazers,Charcoal,Summer,2012.0,Formal,Scullers For Her Charcoal Blazer,images/27846.jpg
26994,Women,Apparel,Bottomwear,Jeans,Black,Summer,2012.0,Casual,Jealous 21 Women Black Jeans,images/26994.jpg
49839,Women,Footwear,Flip Flops,Flip Flops,Red,Winter,2012.0,Casual,iPanema Women Red Flip Flops,images/49839.jpg
31923,Women,Accessories,Bags,Handbags,Blue,Summer,2012.0,Casual,Fabindia Women Blue Silk Sling Bag,images/31923.jpg
8322,Boys,Apparel,Topwear,Tshirts,Blue,Fall,2011.0,Casual,Doodle Boy's Route 66 Biker Blue Teen Kidswear,images/8322.jpg
13841,Unisex,Accessories,Watches,Watches,White,Winter,2016.0,Casual,ADIDAS Unisex Three Small Dials White Watches,images/13841.jpg
28200,Men,Accessories,Eyewear,Sunglasses,Copper,Winter,2016.0,Casual,Ray-Ban Men Active Lifestyle Copper Sunglasses,images/28200.jpg
12993,Unisex,Footwear,Shoes,Sports Shoes,Black,Fall,2011.0,Sports,ADIDAS Kids Adispeed Black Sports Shoes,images/12993.jpg
7158,Men,Apparel,Topwear,Shirts,Green,Fall,2011.0,Casual,Scullers Men  Green Check Shirt,images/7158.jpg
18495,Men,Footwear,Sandal,Sandals,White,Fall,2011.0,Casual,Puma Men Fashion Cat White Slipper,images/18495.jpg
8110,Men,Accessories,Watches,Watches,Black,Winter,2016.0,Casual,Fastrack Men Economy 2 Analg Black Watch,images/8110.jpg
19547,Men,Apparel,Topwear,Sweatshirts,Blue,Fall,2011.0,Casual,United Colors of Benetton Men Solid Blue Sweatshirt,images/19547.jpg
7964,Men,Apparel,Topwear,Tshirts,Black,Fall,2011.0,Sports,Puma Men's Large Logo Graphic Black T-shirt,images/7964.jpg
20851,Women,Accessories,Bags,Clutches,Red,Winter,2015.0,Casual,Spice Art Women Ribbon Embroidery Red Clutch,images/20851.jpg
41866,Men,Footwear,Sandal,Sandals,Beige,Fall,2015.0,Casual,Estd. 1977 Men Beige & Green Sandals,images/41866.jpg
58177,Women,Accessories,Bags,Handbags,Brown,Summer,2012.0,Casual,Rocky S Women Brown Handbag,images/58177.jpg
44528,Men,Footwear,Sandal,Sandals,Black,Summer,2012.0,Casual,Coolers Men Black Sandals,images/44528.jpg
16392,Men,Apparel,Topwear,Shirts,Red,Fall,2011.0,Casual,Levis Men Check Red Shirts,images/16392.jpg
17240,Men,Apparel,Topwear,Tshirts,Black,Fall,2011.0,Casual,U.S. Polo Assn. Men Stripes Black  Polo Tshirt,images/17240.jpg
6617,Men,Apparel,Topwear,Shirts,Black,Summer,2011.0,Casual,Spykar Men Black and white Check Shirt,images/6617.jpg
12732,Unisex,Accessories,Bags,Backpacks,Black,Fall,2011.0,Sports,Nike Unisex Swoosh Black Backpack,images/12732.jpg
3365,Men,Apparel,Topwear,Tshirts,Black,Summer,2011.0,Casual,Myntra Men's Brain Black T-shirt,images/3365.jpg
42042,Men,Footwear,Shoes,Sports Shoes,White,Summer,2012.0,Sports,Nike Men Air Relentless 2 MSL White Sports Shoes,images/42042.jpg
23849,Men,Footwear,Shoes,Casual Shoes,Black,Fall,2011.0,Casual,ADIDAS Men Black Anzo Breeze Casual Shoes,images/23849.jpg
43190,Women,Accessories,Watches,Watches,White,Winter,2016.0,Casual,Fastrack Women White Dial Watch,images/43190.jpg
18208,Men,Accessories,Headwear,Caps,White,Fall,2011.0,Casual,Manchester United Men Solid White Cap,images/18208.jpg
54127,Women,Footwear,Shoes,Heels,Black,Winter,2012.0,Casual,Rocia Women Black Heels,images/54127.jpg
10065,Men,Apparel,Topwear,Tshirts,Yellow,Fall,2011.0,Casual,Puma Men ducati logo tee Yellow Tshirts,images/10065.jpg
24250,Men,Footwear,Shoes,Casual Shoes,White,Fall,2012.0,Casual,Numero Uno Men White Casual Shoes,images/24250.jpg
32335,Men,Accessories,Watches,Watches,Silver,Winter,2016.0,Casual,Q&Q Men Silver-Toned Dial Analogue Watch Q252J404Y,images/32335.jpg
56670,Men,Accessories,Watches,Watches,Black,Winter,2016.0,Casual,Maxima Men Black Dial Watch,images/56670.jpg
5092,Men,Apparel,Topwear,Tshirts,Purple,Summer,2011.0,Casual,Wrangler Men's Minstrel Shoulder Loop Purple T-shirt,images/5092.jpg
10859,Men,Apparel,Topwear,Tshirts,Navy Blue,Fall,2011.0,Casual,Wrangler Men Furious Rides Navy Blue T-Shirts,images/10859.jpg
15517,Men,Footwear,Shoes,Casual Shoes,Red,Fall,2011.0,Casual,Rockport Men LLandro Red Casual Shoes,images/15517.jpg
4140,Women,Footwear,Shoes,Casual Shoes,Green,Winter,2015.0,Casual,Skechers Women Green Shoe,images/4140.jpg
36795,Men,Accessories,Watches,Watches,Silver,Winter,2016.0,Casual,Maxima Men Ssteele Silver Dial Watch,images/36795.jpg
40527,Men,Accessories,Watches,Watches,Gold,Winter,2016.0,Casual,Titan Men Gold Dial Watch,images/40527.jpg
10257,Men,Apparel,Bottomwear,Trousers,Black,Fall,2011.0,Formal,John Miller Men Solid Type Black Trousers,images/10257.jpg
24062,Men,Apparel,Topwear,Tshirts,Navy Blue,Summer,2012.0,Casual,Locomotive Men Navy Blue Printed T-shirt,images/24062.jpg
45869,Men,Accessories,Watches,Watches,Brown,Winter,2016.0,Casual,Maxima Men Brown Dial Watch,images/45869.jpg
11385,Women,Apparel,Topwear,Sweatshirts,Black,Fall,2011.0,Casual,United Colors Of Benetton Women Light Winter Black Sweatshirts,images/11385.jpg
21510,Women,Accessories,Bags,Handbags,White,Winter,2015.0,Casual,Kiara Women Graphiti White Handbag,images/21510.jpg
51667,Men,Accessories,Eyewear,Sunglasses,Grey,Winter,2016.0,Casual,Louis Philippe Men Grey Sunglasses,images/51667.jpg
22395,Men,Apparel,Topwear,Shirts,Blue,Fall,2011.0,Casual,Mark Taylor Men Striped Blue Shirt,images/22395.jpg
35322,Women,Accessories,Jewellery,Earrings,Silver,Winter,2016.0,Ethnic,Fabindia Women Anusuya Silver Earrings,images/35322.jpg
6425,Unisex,Footwear,Shoes,Casual Shoes,Black,Summer,2011.0,Casual,Lotto Unisex Canvas Black Check Shoe,images/6425.jpg
18806,Men,Accessories,Belts,Belts,Tan,Summer,2011.0,Casual,Peter England Men Casual Tan Belt,images/18806.jpg
17072,Women,Accessories,Belts,Belts,Grey,Winter,2015.0,Casual,Lino Perros Women Weaved  Grey Belt,images/17072.jpg
31782,Women,Apparel,Topwear,Tops,Blue,Summer,2012.0,Casual,Lee Women Paula Blue Top,images/31782.jpg
42270,Unisex,Footwear,Shoes,Casual Shoes,Black,Summer,2012.0,Casual,Vans Unisex Black & Grey Classic Shoes,images/42270.jpg
12500,Men,Apparel,Topwear,Shirts,Black,Fall,2011.0,Casual,United Colors of Benetton Men Short Black Shirts,images/12500.jpg
30650,Men,Apparel,Topwear,Tshirts,Black,Summer,2012.0,Casual,Nike Men Printed Black T-shirt,images/30650.jpg
21948,Women,Accessories,Bags,Handbags,Brown,Winter,2015.0,Casual,Murcia Women Casual Brown Handbag,images/21948.jpg
32563,Women,Apparel,Bottomwear,Trousers,Blue,Summer,2012.0,Casual,ONLY Women directoire blue Trousers,images/32563.jpg
40143,Girls,Apparel,Topwear,Tops,Blue,Summer,2012.0,Casual,Gini and Jony Girls Pretty Blossom Blue Top,images/40143.jpg
4716,Unisex,Accessories,Watches,Watches,Black,Winter,2016.0,Sports,ADIDAS Unisex Response ST Analogue Black Watch,images/4716.jpg
21174,Women,Apparel,Topwear,Tops,Beige,Fall,2011.0,Casual,s.Oliver Women Stripes Beige Top,images/21174.jpg
15341,Women,Apparel,Bottomwear,Shorts,Pink,Fall,2011.0,Sports,Nike Women Solid Pink Shorts,images/15341.jpg
14293,Men,Apparel,Topwear,Tshirts,Blue,Fall,2011.0,Casual,Classic Polo Men Stripes Blue Tshirts,images/14293.jpg
47366,Women,Accessories,Bags,Handbags,Blue,Summer,2012.0,Casual,Baggit Women Blue Bag,images/47366.jpg
6041,Men,Apparel,Topwear,Tshirts,Navy Blue,Summer,2011.0,Casual,UCB Men's Polo Neck With Lion Logo Navy Blue T-shirt,images/6041.jpg
23623,Girls,Apparel,Topwear,Tops,Pink,Fall,2011.0,Casual,Doodle Kids Girls Pink I love Shopping Top,images/23623.jpg
17416,Men,Footwear,Shoes,Sports Shoes,Black,Fall,2011.0,Sports,Lotto Men Atlantica Black Sports Shoe,images/17416.jpg
9835,Women,Apparel,Topwear,Tshirts,Grey,Fall,2011.0,Casual,Little Miss Women Printed Grey T-shirt,images/9835.jpg
29319,Unisex,Accessories,Bags,Backpacks,Red,Summer,2012.0,Casual,ADIDAS Unisex Chicago Bulls Red Backpack,images/29319.jpg
7193,Women,Apparel,Bottomwear,Jeans,Black,Fall,2011.0,Casual,Jealous 21 Women Black Jegging,images/7193.jpg
12958,Men,Footwear,Shoes,Sports Shoes,Black,Fall,2011.0,Sports,ADIDAS Men Sports Black Sports Shoes,images/12958.jpg
30234,Men,Footwear,Flip Flops,Flip Flops,Black,Summer,2012.0,Casual,Numero Uno Men Black Flip Flops,images/30234.jpg
9009,Women,Accessories,Bags,Handbags,Brown,Winter,2015.0,Casual,Murcia Women Snake Print Bag Brown Handbags,images/9009.jpg
3533,Men,Apparel,Topwear,Tshirts,Navy Blue,Summer,2011.0,Casual,Myntra Men's If You Don't Like Navy Blue T-shirt,images/3533.jpg
26351,Women,Accessories,Watches,Watches,White,Winter,2016.0,Casual,DKNY Women White Dial Watch NY8472,images/26351.jpg
35574,Men,Footwear,Flip Flops,Flip Flops,Red,Summer,2013.0,Casual,Gliders Men Esquire Red Flip Flops,images/35574.jpg
46086,Women,Footwear,Shoes,Sports Shoes,Lavender,Summer,2012.0,Sports,ADIDAS Women Lavender Hagkok Sports Shoes,images/46086.jpg
13284,Men,Apparel,Bottomwear,Shorts,Black,Fall,2011.0,Casual,Gini and Jony Kids Boys Solid Black Shorts,images/13284.jpg
54543,Men,Footwear,Shoes,Sports Shoes,White,Fall,2012.0,Casual,F Sports Men White Outlander Sports Shoes,images/54543.jpg
26163,Men,Apparel,Bottomwear,Trousers,Grey,Summer,2012.0,Formal,John Miller Men Dark Grey Trousers,images/26163.jpg
3701,Women,Apparel,Topwear,Tshirts,Black,Summer,2011.0,Casual,Tantra Women Flower Heart Black Long T-shirt,images/3701.jpg
29917,Men,Accessories,Watches,Watches,White,Winter,2016.0,Casual,Police Men White Dial Watch PL12698JS,images/29917.jpg
32751,Men,Footwear,Shoes,Casual Shoes,Black,Summer,2012.0,Casual,FILA Men Liga II Black Shoes,images/32751.jpg
56214,Women,Accessories,Jewellery,Earrings,Gold,Winter,2016.0,Casual,Estelle Women Gold Earrings,images/56214.jpg
10401,Women,Apparel,Topwear,Tops,Purple,Fall,2011.0,Casual,Jealous 21 Women Uaine Purple Tops,images/10401.jpg
40371,Women,Apparel,Bottomwear,Jeans,Navy Blue,Summer,2012.0,Casual,Tokyo Talkies Women Navy Slim Fit Jeans,images/40371.jpg
21346,Men,Accessories,Eyewear,Sunglasses,Gold,Winter,2016.0,Casual,Pal Zileri Men Casual Gold Frame Sunglasses,images/21346.jpg
4524,Men,Footwear,Shoes,Sports Shoes,Black,Summer,2011.0,Sports,Puma Men's YugoRun Black White Shoe,images/4524.jpg
37223,Women,Apparel,Topwear,Tops,Blue,Summer,2012.0,Casual,United Colors of Benetton Women Blue Top,images/37223.jpg
53766,Men,Apparel,Topwear,Tshirts,White,Summer,2012.0,Casual,Puma Men White and Navy Blue T-shirt,images/53766.jpg
25520,Girls,Apparel,Topwear,Tops,White,Fall,2011.0,Casual,Doodle Kids Girls City Chic White Top,images/25520.jpg
32597,Women,Apparel,Topwear,Tops,Black,Summer,2012.0,Casual,ONLY Women Black Top,images/32597.jpg
57100,Women,Apparel,Topwear,Tops,Pink,Summer,2012.0,Casual,Elle Women Dark Pink Top,images/57100.jpg
36137,Women,Footwear,Shoes,Sports Shoes,Pink,Summer,2012.0,Sports,Nike Women Free Run Pink Sports Shoes,images/36137.jpg
41859,Men,Footwear,Sandal,Sandals,Black,Summer,2016.0,Casual,Estd. 1977 Men Black Sandals,images/41859.jpg
21180,Men,Footwear,Flip Flops,Flip Flops,Black,Summer,2011.0,Casual,ADIDAS Men Adi Cells Black Flip Flops,images/21180.jpg
39943,Men,Footwear,Shoes,Casual Shoes,Brown,Summer,2013.0,Casual,GAS Men Brown Count Casual Shoes,images/39943.jpg
58148,Unisex,Accessories,Headwear,Caps,White,Fall,2012.0,Casual,Puma Unisex White Cap,images/58148.jpg
5630,Women,Footwear,Flip Flops,Flip Flops,Blue,Summer,2011.0,Casual,ADIDAS Women's Adi Groove Blue Flip Flop,images/5630.jpg
44517,Men,Footwear,Flip Flops,Flip Flops,Brown,Summer,2013.0,Casual,Coolers Men Brown Pokar Flip Flops,images/44517.jpg
47392,Women,Accessories,Bags,Handbags,Beige,Fall,2012.0,Casual,Baggit Women Beige Bag,images/47392.jpg
8913,Men,Footwear,Shoes,Sports Shoes,White,Fall,2011.0,Sports,Puma Men Cabana Racer Sketch White Sports Shoes,images/8913.jpg
16530,Men,Apparel,Topwear,Shirts,Red,Fall,2011.0,Casual,Locomotive Men Check Red Shirt,images/16530.jpg
22705,Men,Footwear,Shoes,Casual Shoes,White,Fall,2011.0,Casual,Nike Men White Capri II Casual Shoe,images/22705.jpg
7167,Men,Apparel,Topwear,Shirts,Purple,Fall,2011.0,Casual,Scullers Men Scul Purple White Shirt,images/7167.jpg
6889,Women,Apparel,Topwear,Jackets,Cream,Summer,2011.0,Casual,Forever New Women Stone Cream Jacket,images/6889.jpg
12190,Men,Apparel,Topwear,Shirts,Blue,Fall,2011.0,Casual,Basics Men Blue Slim Fit Checked Shirt,images/12190.jpg
55657,Women,Footwear,Shoes,Heels,Gold,Winter,2015.0,Casual,Catwalk Women Golden Wedges,images/55657.jpg
19578,Women,Apparel,Topwear,Tops,Purple,Summer,2011.0,Casual,United Colors of Benetton Women Solid Purple Top,images/19578.jpg
27879,Women,Apparel,Topwear,Tops,Blue,Summer,2012.0,Casual,Scullers For Her Women Blue Top,images/27879.jpg
6287,Men,Apparel,Topwear,Tshirts,Yellow,Summer,2011.0,Casual,Classic Polo Men's Swiss Yellow T-shirt,images/6287.jpg
7355,Men,Apparel,Topwear,Tshirts,Navy Blue,Fall,2011.0,Casual,Tantra Men's Black Sabbath Navy T-shirt,images/7355.jpg
46072,Men,Accessories,Belts,Belts,Black,Summer,2012.0,Casual,Lino Perros Men Black Leather Belt,images/46072.jpg
22537,Men,Footwear,Sandal,Sandals,Tan,Summer,2013.0,Casual,Gas Men Eldorado Tan Casual  Sandals,images/22537.jpg
43500,Men,Apparel,Topwear,Tshirts,White,Summer,2012.0,Casual,French Connection Men White T-shirt,images/43500.jpg
27045,Women,Accessories,Bags,Clutches,Off White,Summer,2012.0,Casual,Yelloe Off White Fur Zip Clutch,images/27045.jpg
13270,Women,Apparel,Topwear,Tops,White,Fall,2011.0,Casual,Palm Tree Kids Girls Printed White Tops,images/13270.jpg
31120,Girls,Apparel,Topwear,Tops,Pink,Summer,2012.0,Casual,Palm Tree Girls Pink Top,images/31120.jpg
25712,Unisex,Accessories,Headwear,Caps,Blue,Summer,2012.0,Sports,ADIDAS Unisex Blue Cap,images/25712.jpg
11527,Men,Apparel,Topwear,Tshirts,Olive,Fall,2011.0,Casual,United Colors of Benetton Men Olive Tshirts,images/11527.jpg
40385,Women,Apparel,Topwear,Tops,Yellow,Summer,2012.0,Casual,Tokyo Talkies Women Yellow Top,images/40385.jpg
15187,Men,Apparel,Topwear,Tshirts,White,Fall,2011.0,Casual,Arrow Sport Men Solid White Polo Tshirts,images/15187.jpg
5402,Women,Footwear,Shoes,Sports Shoes,Purple,,2011.0,Sports,Kalenji Ekiden 200 Wn Purple 2011,images/5402.jpg
44725,Women,Footwear,Flip Flops,Flip Flops,Orange,Summer,2012.0,Casual,Lotto Women Coral Elegant Flip Flops,images/44725.jpg
14055,Men,Apparel,Topwear,Shirts,Green,Fall,2011.0,Casual,Flying Machine Men Check Green Shirts,images/14055.jpg
20260,Men,Apparel,Topwear,Tshirts,Navy Blue,Fall,2011.0,Casual,Wrangler Men Applique Navy Blue Tshirt,images/20260.jpg
7731,Men,Footwear,Flip Flops,Flip Flops,Grey,Winter,2011.0,Casual,Puma Men's Winglet II Grey Yellow White Flip Flop,images/7731.jpg
22153,Men,Footwear,Sandal,Sandals,Brown,Summer,2011.0,Casual,Lee Cooper Men Brown Casual Sandals,images/22153.jpg
43958,Men,Footwear,Sandal,Sandals,Olive,Fall,2012.0,Casual,Puma Men Olive Techno Ind Sandal,images/43958.jpg
28469,Women,Apparel,Topwear,Tshirts,Pink,Summer,2012.0,Casual,Urban Yoga Women Printed Pink T-shirt,images/28469.jpg
34036,Boys,Apparel,Topwear,Shirts,Blue,Summer,2012.0,Casual,Palm Tree Boys Check Blue Shirt,images/34036.jpg
8779,Men,Apparel,Topwear,Shirts,Navy Blue,Fall,2011.0,Casual,Indigo Nation Men Club Satin Hot Stepper Navy Blue Shirt,images/8779.jpg
3391,Women,Accessories,Bags,Handbags,White,Winter,2015.0,Casual,Murcia Women White With Stitch Bag,images/3391.jpg
43164,Men,Accessories,Watches,Watches,Black,Winter,2016.0,Casual,Fastrack Men Black Watch,images/43164.jpg
2243,Men,Apparel,Topwear,Tshirts,White,Fall,2010.0,Sports,ADIDAS Men Stripe Polo White Polo T-shirt,images/2243.jpg
33213,Women,Apparel,Topwear,Tops,Magenta,Summer,2012.0,Casual,Sepia Women Printed Magenta Top,images/33213.jpg
39729,Women,Apparel,Topwear,Tops,Olive,Summer,2012.0,Casual,Arrow Woman Olive Top,images/39729.jpg
11143,Men,Apparel,Topwear,Shirts,Black,Fall,2011.0,Casual,Scullers Men Price Catch Black Shirts,images/11143.jpg
4988,Women,Apparel,Dress,Dresses,White,Summer,2011.0,Casual,Gini and Jony Girl's Vanya White Polka Dot Kidswear,images/4988.jpg
44341,Men,Apparel,Topwear,Tshirts,Blue,Summer,2012.0,Casual,Indian Terrain Men Blue T-shirt,images/44341.jpg
14431,Women,Footwear,Shoes,Heels,Black,Summer,2012.0,Casual,Enroute Women Casual Black Flats,images/14431.jpg
20604,Women,Accessories,Bags,Handbags,Brown,Winter,2015.0,Casual,Baggit Women Umbrella Dum Brown Handbag,images/20604.jpg
45293,Women,Accessories,Watches,Watches,Red,Winter,2016.0,Casual,CASIO SHEEN Women Red Dial Watch SX017,images/45293.jpg
36761,Men,Accessories,Watches,Watches,Black,Winter,2016.0,Casual,Maxima Men Black Watch,images/36761.jpg
25144,Women,Accessories,Bags,Handbags,Orange,Winter,2015.0,Casual,Lino Perros Women Leatherite Orange Handbag,images/25144.jpg
11371,Men,Apparel,Topwear,Shirts,Black,Fall,2011.0,Casual,United Colors Of Benetton Men Summer Black Shirts,images/11371.jpg
41401,Women,Apparel,Topwear,Tops,White,Summer,2012.0,Casual,Wrangler Women White Smocked Top,images/41401.jpg
14603,Men,Accessories,Socks,Socks,Grey,Summer,2011.0,Casual,United Colors of Benetton Men Pack of 2 Grey Socks,images/14603.jpg
37481,Women,Accessories,Watches,Watches,White,Winter,2016.0,Casual,Esprit Women White Dial Watch,images/37481.jpg
4386,Men,Apparel,Topwear,Tshirts,Grey,Summer,2011.0,Casual,Wrangler Cowboy Photo T-shirt,images/4386.jpg
51693,Unisex,Accessories,Eyewear,Sunglasses,Brown,Winter,2016.0,Casual,Van Heusen Unisex Brown Sunglasses,images/51693.jpg
29789,Men,Apparel,Topwear,Tshirts,Pink,Summer,2013.0,Casual,Basics Men Pack of 3 T-shirt,images/29789.jpg
19920,Unisex,Accessories,Bags,Backpacks,Black,Winter,2015.0,Casual,Wildcraft Unisex Black Outdoor Backpack,images/19920.jpg
7503,Men,Apparel,Topwear,Tshirts,Blue,Summer,2011.0,Sports,Nike Men's As Icon Blue T-shirt,images/7503.jpg
50741,Men,Footwear,Shoes,Casual Shoes,Black,Winter,2018.0,Casual,Red Chief Men Black Shoes,images/50741.jpg
13426,Men,Apparel,Topwear,Tshirts,Red,Summer,2011.0,Casual,United Colors of Benetton Men Stripes Red  Polo T-shirts,images/13426.jpg
43356,Women,Footwear,Shoes,Sports Shoes,Charcoal,Summer,2012.0,Sports,Reebok Women Charcoal Grey Fuel Techno Sports Shoes,images/43356.jpg
28207,Men,Accessories,Eyewear,Sunglasses,Black,Winter,2016.0,Casual,Ray-Ban Men Active Lifestyle Black Sunglasses,images/28207.jpg
13846,Men,Apparel,Topwear,Shirts,Blue,Fall,2011.0,Casual,John Miller Men Stripes Blue Shirts,images/13846.jpg
12994,Boys,Footwear,Shoes,Sports Shoes,Black,Fall,2011.0,Sports,ADIDAS Kids Boys Duramo Synthetic Black Sports Shoes,images/12994.jpg
16508,Men,Apparel,Bottomwear,Jeans,Blue,Fall,2011.0,Casual,Locomotive Men Washed Blue Jeans,images/16508.jpg
18492,Men,Footwear,Flip Flops,Flip Flops,Blue,Fall,2011.0,Casual,Puma Men Danny Blue Slipper,images/18492.jpg
19540,Men,Apparel,Topwear,Sweaters,Blue,Summer,2011.0,Casual,United Colors of Benetton Men Solid Blue Sweater,images/19540.jpg
7963,Men,Apparel,Topwear,Tshirts,White,Fall,2011.0,Sports,Puma Men's Large Logo Graphic White French T-shirt,images/7963.jpg
8117,Men,Accessories,Watches,Watches,Black,Winter,2016.0,Casual,Fastrack Men New Analog Black Navy Watch,images/8117.jpg
49230,Men,Accessories,Socks,Socks,Black,Summer,2016.0,Casual,Calzini Men Pack of 5 Sports Socks,images/49230.jpg
57138,Women,Apparel,Bottomwear,Trousers,Brown,Summer,2012.0,Casual,Elle Women Brown Trousers,images/57138.jpg
20856,Men,Footwear,Shoes,Casual Shoes,Black,Fall,2011.0,Casual,United Colors of Benetton Men Casual Black Shoes,images/20856.jpg
41861,Men,Footwear,Sandal,Sandals,Black,Summer,2016.0,Casual,Estd. 1977 Men Black Sandals,images/41861.jpg
5608,Men,Footwear,Sandal,Sandals,Black,Summer,2011.0,Casual,ADIDAS Men Kendall Black Navy Floater,images/5608.jpg
58170,Women,Accessories,Bags,Clutches,Red,Fall,2012.0,Casual,Rocky S Women Red Clutch,images/58170.jpg
15983,Men,Apparel,Topwear,Shirts,Burgundy,Fall,2011.0,Casual,Turtle Solid Men  Burgundy Shirt,images/15983.jpg
39375,Women,Accessories,Watches,Watches,Silver,Winter,2016.0,Casual,Helix Women Silver Dial Watch,images/39375.jpg
59290,Men,Accessories,Watches,Watches,Black,Winter,2016.0,Casual,Titan Men Black Dial Watch,images/59290.jpg
52678,Men,Accessories,Watches,Watches,Black,Winter,2016.0,Casual,Morellato Men Black Watch,images/52678.jpg
20258,Men,Apparel,Topwear,Tshirts,Brown,Fall,2011.0,Casual,Wrangler Men Polo Charcoal T-shirt,images/20258.jpg
47198,Men,Footwear,Sandal,Sandals,Brown,Summer,2012.0,Casual,Franco Leone Men Brown Sandals,images/47198.jpg
27841,Men,Accessories,Belts,Belts,White,Summer,2012.0,Casual,Bulchee Men Plain Jeans White Belt,images/27841.jpg
31924,Women,Accessories,Bags,Handbags,Black,Summer,2012.0,Casual,Fabindia Women Black Silk Handbag,images/31924.jpg
26993,Women,Apparel,Bottomwear,Jeans,Blue,Summer,2012.0,Casual,Jealous 21 Women Washed Blue Jeans,images/26993.jpg
13248,Men,Apparel,Bottomwear,Trousers,Brown,Fall,2011.0,Casual,Palm Tree Kids Boy Solid Brown Trousers,images/13248.jpg
43538,Women,Apparel,Topwear,Tops,Blue,Summer,2012.0,Casual,French Connection Women Blue Top,images/43538.jpg
8325,Boys,Apparel,Topwear,Tshirts,Yellow,Fall,2011.0,Casual,Doodle Boy's Athletic 77 Dept Yellow Teen Kidswear,images/8325.jpg
31118,Girls,Apparel,Topwear,Tops,Red,Summer,2012.0,Casual,Gini and Jony Girls Red Top,images/31118.jpg
19772,Men,Footwear,Shoes,Casual Shoes,Blue,Fall,2011.0,Casual,ADIDAS Men Vigor Blue Casual Shoes,images/19772.jpg
46876,Men,Accessories,Socks,Socks,Grey,Summer,2012.0,Casual,Lino Perros Men Pack of 2 Socks,images/46876.jpg
5862,Men,Apparel,Topwear,Tshirts,Black,Summer,2011.0,Casual,ADIDAS Men's Stripe Black T-shirt,images/5862.jpg
39711,Men,Accessories,Watches,Watches,Black,Winter,2016.0,Casual,ADIDAS Original Men Black Dial Chronograph Watch ADH2641,images/39711.jpg
14409,Women,Footwear,Shoes,Heels,White,Summer,2012.0,Casual,Enroute Women Casual White Heels,images/14409.jpg
58726,Men,Apparel,Topwear,Tshirts,Grey,Summer,2012.0,Casual,Puma Men Grey T-shirt,images/58726.jpg
11947,Men,Footwear,Sandal,Sandals,Olive,Summer,2012.0,Casual,Ganuchi Men Casual Olive Sandals,images/11947.jpg
36759,Men,Accessories,Watches,Watches,White,Winter,2016.0,Casual,Maxima Men White Dial Watch,images/36759.jpg
51499,Women,Apparel,Bottomwear,Jeans,Blue,Summer,2012.0,Casual,Denizen Women Blue Jeans,images/51499.jpg
7709,Women,Apparel,Bottomwear,Jeans,Black,Fall,2011.0,Casual,Jealous 21 Women's Aaren Black Jegging,images/7709.jpg
43960,Men,Apparel,Topwear,Shirts,Grey,Summer,2012.0,Formal,Indigo Nation Men Grey Striped Shirt,images/43960.jpg
8741,Men,Apparel,Topwear,Shirts,Navy Blue,Fall,2011.0,Casual,Indigo Nation Men Checks Shirt Navy Blue Shirts,images/8741.jpg
19316,Unisex,Accessories,Bags,Backpacks,Grey,Fall,2011.0,Casual,Nike Unisex Hayward 25M Grey Backpack,images/19316.jpg
34832,Men,Footwear,Shoes,Sports Shoes,White,Summer,2012.0,Sports,ADIDAS Men Sukoi White Sports Shoes,images/34832.jpg
23885,Men,Footwear,Shoes,Sports Shoes,Grey,Winter,2012.0,Sports,Fila Men Grey Hex Sports Shoes,images/23885.jpg
19918,Unisex,Accessories,Bags,Backpacks,Black,Winter,2015.0,Casual,Wildcraft Unisex Black Backpack,images/19918.jpg
22359,Men,Apparel,Topwear,Shirts,Blue,Summer,2011.0,Casual,John Players Men Check Blue Shirt,images/22359.jpg
19124,Women,Footwear,Flip Flops,Flip Flops,Pink,Fall,2011.0,Casual,Lotto Women XL Kelly Pink Slippers,images/19124.jpg
16950,Men,Accessories,Eyewear,Sunglasses,Brown,Winter,2016.0,Casual,Image Men Sunglasses,images/16950.jpg
49654,Women,Apparel,Bottomwear,Skirts,Grey,Summer,2012.0,Casual,Mineral Women Grey Skirt,images/49654.jpg
2049,Men,Apparel,Topwear,Tshirts,White,Summer,2010.0,Sports,ADIDAS Men's Slim Fit White T-shirt,images/2049.jpg
44977,Men,Accessories,Watches,Watches,Silver,Winter,2016.0,Casual,Maxima Men Silver Dial Attivo Watch,images/44977.jpg
41439,Men,Footwear,Shoes,Sports Shoes,Black,Fall,2012.0,Sports,Lee Cooper Men Black Sports Shoes,images/41439.jpg
11349,Men,Apparel,Bottomwear,Jeans,Blue,Summer,2017.0,Casual,Lee Men Blue Chicago Fit Jeans,images/11349.jpg
24892,Men,Apparel,Topwear,Tshirts,Black,Fall,2011.0,Casual,United Colors of Benetton Men Black T-shirt,images/24892.jpg
58514,Women,Apparel,Topwear,Tops,Grey,Summer,2012.0,Casual,Tonga Women Grey Top,images/58514.jpg
33825,Women,Footwear,Shoes,Sports Shoes,Silver,Summer,2012.0,Sports,Puma Women Kuris Silver & Grey Sports Shoes,images/33825.jpg
25940,Women,Accessories,Scarves,Scarves,Yellow,Summer,2012.0,Casual,Femella Women Yellow & Blue Scarf,images/25940.jpg
5896,Men,Footwear,Shoes,Casual Shoes,Black,Summer,2011.0,Casual,Puma Men Cavallino Black Shoe,images/5896.jpg
4944,Men,Apparel,Topwear,Shirts,White,Summer,2011.0,Casual,Gini and Jony Boy's Kaleb White Brown Infant Kidswear,images/4944.jpg
42846,Women,Accessories,Bags,Handbags,Multi,Summer,2012.0,Casual,French Connection Women Multi Stripe Hand Bag,images/42846.jpg
49492,Men,Footwear,Shoes,Casual Shoes,Maroon,Summer,2012.0,Casual,Vans Men Maroon & Grey Era Shoes,images/49492.jpg
9667,Men,Apparel,Topwear,Shirts,Purple,Fall,2011.0,Casual,Indigo Nation Men Bling Red Black Shirts,images/9667.jpg
29745,Men,Accessories,Watches,Watches,Black,Winter,2016.0,Casual,Fossil Men Quartz Black Dial Chronograph Watch JR1303,images/29745.jpg
8587,Men,Apparel,Topwear,Shirts,Red,Fall,2011.0,Casual,Scullers Men Red Check Shirt,images/8587.jpg
42248,Women,Apparel,Topwear,Tops,Pink,Summer,2012.0,Casual,Sepia Women Pink Top,images/42248.jpg
30668,Men,Accessories,Eyewear,Sunglasses,Black,Winter,2016.0,Casual,Park Avenue Men Black Sunglasses,images/30668.jpg
9455,Men,Apparel,Topwear,Shirts,Red,Fall,2011.0,Formal,John Miller Men Red Striped Shirt,images/9455.jpg
44983,Women,Accessories,Watches,Watches,Silver,Winter,2016.0,Casual,Maxima Women Silver Dial Watch,images/44983.jpg
38405,Women,Accessories,Belts,Belts,White,Summer,2012.0,Casual,Baggit Women White Capri Taj Belt,images/38405.jpg
53934,Women,Accessories,Bags,Handbags,Brown,Summer,2012.0,Casual,Kiara Women Brown Handbag,images/53934.jpg
1638,Unisex,Apparel,Bottomwear,Swimwear,Blue,Fall,2010.0,Sports,Nabaiji Swimming Goggles Blue Black,images/1638.jpg
25188,Women,Accessories,Bags,Handbags,Brown,Winter,2015.0,Casual,Lino Perros Women Leatherite Brown Handbag,images/25188.jpg
24866,Men,Accessories,Belts,Belts,Black,Summer,2012.0,Casual,Reid & Taylor Men Formal Black Belt,images/24866.jpg
53108,Women,Accessories,Jewellery,Earrings,Silver,Winter,2016.0,Casual,Fabindia Silver Earrings,images/53108.jpg
21528,Women,Accessories,Bags,Handbags,Copper,Winter,2015.0,Casual,Kiara Women Sequins Copper Handbag,images/21528.jpg
59432,Women,Accessories,Bags,Handbags,Black,Summer,2012.0,Casual,Spice Art Women Black Handbag,images/59432.jpg
32903,Women,Apparel,Bottomwear,Shorts,Red,Summer,2012.0,Casual,Allen Solly Women Red Shorts,images/32903.jpg
12960,Men,Footwear,Shoes,Sports Shoes,White,Fall,2011.0,Sports,ADIDAS Men Sports White Sports Shoes,images/12960.jpg
9031,Men,Footwear,Shoes,Casual Shoes,Tan,Winter,2011.0,Casual,Buckaroo Men loma Tan Casual Shoes,images/9031.jpg
26369,Women,Apparel,Topwear,Shirts,Blue,Summer,2012.0,Casual,Arrow Woman Blue Shirt,images/26369.jpg
33489,Men,Apparel,Topwear,Shirts,Green,Summer,2012.0,Casual,Doodle Kids Boy Check Green Shirt,images/33489.jpg
59056,Women,Footwear,Shoes,Casual Shoes,Blue,Winter,2012.0,Casual,Carlton London Women Blue & Cream Shoes,images/59056.jpg
15379,Men,Footwear,Shoes,Casual Shoes,Black,Summer,2012.0,Casual,Fila Men Lobato Black Casual Shoes,images/15379.jpg
56822,Men,Apparel,Bottomwear,Trousers,Beige,Summer,2012.0,Casual,John Players Men Beige Shorts,images/56822.jpg
58184,Women,Accessories,Bags,Handbags,Beige,Summer,2012.0,Casual,Rocky S Women Beige Handbag,images/58184.jpg
39381,Men,Apparel,Bottomwear,Jeans,Black,Summer,2012.0,Casual,Peter England Men Party Black Jeans,images/39381.jpg
15977,Men,Apparel,Topwear,Shirts,Red,Fall,2011.0,Casual,Turtle Solid Men Red Shirt,images/15977.jpg
59264,Women,Accessories,Watches,Watches,White,Winter,2016.0,Casual,Titan Women White Watch,images/59264.jpg
14099,Women,Apparel,Topwear,Tops,Pink,Fall,2011.0,Casual,Flying Machine Women Solid Pink Tops,images/14099.jpg
30802,Men,Apparel,Topwear,Shirts,Blue,Summer,2012.0,Ethnic,Fabindia Men Blue Shirt,images/30802.jpg
29113,Women,Accessories,Socks,Socks,White,Summer,2012.0,Casual,Puma Women Pack of 3 Socks,images/29113.jpg
26967,Women,Apparel,Topwear,Tops,Navy Blue,Summer,2012.0,Casual,Jealous 21 Women Check Navy Blue Top,images/26967.jpg
48124,Women,Accessories,Belts,Belts,Brown,Summer,2012.0,Casual,Fossil Women Brown Huarache Weave Belt,images/48124.jpg
9203,Men,Footwear,Shoes,Sports Shoes,Black,Fall,2011.0,Sports,Puma Men Axis XT Black Shoes,images/9203.jpg
3739,Men,Accessories,Headwear,Caps,Blue,Fall,2010.0,Sports,ADIDAS Men Delhi Daredevil Blue Cap,images/3739.jpg
44948,Men,Footwear,Shoes,Sports Shoes,Black,Summer,2012.0,Sports,Puma Men Black Aquil II Sports Shoes,images/44948.jpg
11376,Women,Apparel,Topwear,Tops,Grey,Fall,2011.0,Casual,United Colors Of Benetton Women Light Winter Grey Tops,images/11376.jpg
25143,Women,Accessories,Bags,Clutches,Silver,Winter,2015.0,Casual,Lino Perros Women Silver Clutch,images/25143.jpg
14604,Men,Accessories,Socks,Socks,Green,Summer,2011.0,Casual,United Colors of Benetton Men Stripes Green Socks,images/14604.jpg
46623,Unisex,Accessories,Bags,Backpacks,Black,Summer,2012.0,Casual,Nike Unisex Ultimatum Max Backpack,images/46623.jpg
19927,Men,Footwear,Sandal,Sandals,Grey,Fall,2011.0,Casual,ADIDAS Men Receptor Grey Sandals,images/19927.jpg
3998,Men,Footwear,Flip Flops,Flip Flops,Black,Summer,2011.0,Casual,Spalding Men's Black and White Graphic Flip Flop,images/3998.jpg
51694,Unisex,Accessories,Eyewear,Sunglasses,Brown,Winter,2016.0,Casual,Van Heusen Unisex Sunglasses VH216-C2,images/51694.jpg
27614,Men,Apparel,Bottomwear,Trousers,Beige,Summer,2012.0,Casual,Scullers Men Beige Trousers,images/27614.jpg
16361,Men,Apparel,Topwear,Shirts,Maroon,Fall,2011.0,Formal,Peter England Men Stripes Maroon Shirt,images/16361.jpg
46411,Men,Apparel,Topwear,Sweatshirts,Black,Summer,2012.0,Casual,ADIDAS Men Black Sweatshirt,images/46411.jpg
7736,Men,Accessories,Headwear,Caps,Red,Fall,2011.0,Casual,Puma Men Ferrari Lifestyle Red Cap,images/7736.jpg
34031,Boys,Apparel,Topwear,Shirts,Blue,Summer,2012.0,Casual,Gini and Jony Boys Check Blue Shirt,images/34031.jpg
22968,Unisex,Accessories,Bags,Backpacks,Black,Summer,2011.0,Casual,U.S. Polo Assn. Unisex Casual Olive Backpack,images/22968.jpg
3396,Women,Accessories,Bags,Handbags,Blue,Winter,2015.0,Casual,Murcia Women Turquoise Blue Handbag,images/3396.jpg
19329,Men,Footwear,Shoes,Casual Shoes,Brown,Fall,2011.0,Casual,Puma Men Standpunkt Brown Casual Shoes,images/19329.jpg
27426,Women,Apparel,Bottomwear,Shorts,Grey Melange,Winter,2015.0,Casual,Jockey Women Grey Melange Shorts,images/27426.jpg
43163,Men,Accessories,Watches,Watches,White,Winter,2016.0,Casual,Fastrack Men White Dial Watch,images/43163.jpg
10096,Women,Footwear,Shoes,Sports Shoes,Blue,Fall,2011.0,Sports,Reebok Women Reeflex Run Blue Sports Shoes,images/10096.jpg
11144,Men,Apparel,Topwear,Shirts,Black,Fall,2011.0,Casual,Scullers Men Price Catch Black Shirts,images/11144.jpg
20603,Women,Accessories,Bags,Handbags,Black,Winter,2015.0,Casual,Baggit Women Selection Mayur Black Sling Bag,images/20603.jpg
11978,Men,Footwear,Sandal,Sandals,Navy Blue,Summer,2012.0,Casual,FILA Men Aruba Navy Blue Sandal,images/11978.jpg
36766,Men,Accessories,Watches,Watches,Black,Winter,2016.0,Casual,Maxima Men Black Watch,images/36766.jpg
45294,Women,Accessories,Watches,Watches,Black,Winter,2016.0,Casual,CASIO SHEEN Women Black Dial Watch SX041,images/45294.jpg
34455,Women,Footwear,Shoes,Heels,Black,Spring,2013.0,Formal,Rocia Women Black Shoes,images/34455.jpg
46075,Men,Accessories,Belts,Belts,Black,Summer,2012.0,Casual,Lino Perros Men Black Leather Belt,images/46075.jpg
35587,Men,Footwear,Sandal,Sandals,Brown,Summer,2013.0,Casual,Gliders Men Brown Leather Sandals,images/35587.jpg
27042,Women,Accessories,Bags,Clutches,Black,Summer,2012.0,Casual,Yelloe Black Animal Print Clutch,images/27042.jpg
31127,Girls,Apparel,Dress,Dresses,Black,Summer,2012.0,Casual,Gini and Jony Girls Black Dress,images/31127.jpg
11520,Women,Apparel,Bottomwear,Jeans,Black,Fall,2011.0,Casual,United Colors of Benetton Women Denim Black Jeans,images/11520.jpg
25715,Unisex,Accessories,Headwear,Caps,Blue,Summer,2012.0,Sports,ADIDAS Unisex Blue Cap,images/25715.jpg
41250,Men,Accessories,Belts,Belts,Brown,Summer,2012.0,Formal,Arrow Men Black & Brown Reversible Belt,images/41250.jpg
40382,Women,Apparel,Topwear,Tops,Pink,Summer,2012.0,Casual,Tokyo Talkies Women Pink Top,images/40382.jpg
52647,Women,Accessories,Bags,Handbags,Black,Summer,2012.0,Casual,Mod'acc Women Black Handbag,images/52647.jpg
20267,Women,Footwear,Shoes,Heels,Black,Winter,2015.0,Casual,Catwalk Women Casual Black Heels,images/20267.jpg
14052,Men,Apparel,Topwear,Shirts,White,Fall,2011.0,Casual,Flying Machine Men Solid White Shirts,images/14052.jpg
44722,Women,Footwear,Flip Flops,Flip Flops,Orange,Summer,2012.0,Casual,Lotto Women Red & Orange Disco Holic Flip Flops,images/44722.jpg
5405,Men,Footwear,Shoes,Sports Shoes,White,Fall,2011.0,Sports,Kalenji Ekiden Comfort Prime 2011,images/5405.jpg
32590,Women,Apparel,Bottomwear,Shorts,Brown,Summer,2012.0,Casual,ONLY Women Brown Shorts,images/32590.jpg
11712,Men,Apparel,Topwear,Shirts,Blue,Summer,2011.0,Casual,Lee Men Solid Blue Shirts,images/11712.jpg
25527,Women,Apparel,Topwear,Shirts,Green,Summer,2012.0,Casual,Wrangler Women Stella Green Shirt,images/25527.jpg
57107,Women,Apparel,Topwear,Tops,Olive,Summer,2012.0,Casual,Elle Women Green Essentials Top,images/57107.jpg
20869,Men,Footwear,Sandal,Sandals,Brown,Fall,2011.0,Casual,Fila Men Camper Brown Sandals,images/20869.jpg
33442,Women,Accessories,Bags,Handbags,Teal,Winter,2016.0,Casual,Baggit Women Rade Doko Teal Handbag,images/33442.jpg
39944,Men,Footwear,Shoes,Casual Shoes,Grey,Summer,2013.0,Casual,GAS Men Grey Namib Shoes,images/39944.jpg
21187,Men,Footwear,Flip Flops,Flip Flops,Yellow,Summer,2011.0,Casual,ADIDAS Men Plugged In Yellow Flip Flops,images/21187.jpg
36130,Men,Footwear,Shoes,Casual Shoes,Grey,Summer,2012.0,Casual,Nike Men Dunk High Grey Shoes,images/36130.jpg
44510,Unisex,Footwear,Shoes,Casual Shoes,Black,Summer,2012.0,Casual,Converse Unisex Black Shoes,images/44510.jpg
13879,Men,Apparel,Topwear,Shirts,Red,Fall,2011.0,Casual,Scullers Men Check Red Shirts,images/13879.jpg
47395,Women,Accessories,Bags,Handbags,Green,Summer,2012.0,Casual,Baggit Women Green Handbag,images/47395.jpg
22702,Women,Footwear,Shoes,Casual Shoes,Beige,Fall,2011.0,Casual,Nike Women Beige Dunk High Casual Shoes,images/22702.jpg
8914,Men,Footwear,Shoes,Sports Shoes,White,Fall,2011.0,Sports,Puma Men Future Cat Remix SF White Sports Shoes,images/8914.jpg
16537,Men,Accessories,Headwear,Caps,Blue,Fall,2011.0,Casual,Probase Men Check Blue Cap,images/16537.jpg
55650,Women,Footwear,Shoes,Heels,Multi,Winter,2015.0,Casual,Catwalk Women Multi-coloured Heels,images/55650.jpg
26958,Women,Apparel,Topwear,Shirts,Teal,Summer,2012.0,Casual,Jealous 21 Women Teal Shirt,images/26958.jpg
46081,Men,Footwear,Sandal,Sandals,Navy Blue,Summer,2012.0,Casual,ADIDAS Men Navy Blue Benton Sandals,images/46081.jpg
35573,Men,Footwear,Flip Flops,Flip Flops,Blue,Summer,2013.0,Casual,Gliders Men Esquire Blue Flip Flops,images/35573.jpg
13283,Men,Apparel,Topwear,Shirts,Blue,Fall,2011.0,Casual,Gini and Jony Kids Boys Check Blue Shirts,images/13283.jpg
54544,Men,Footwear,Shoes,Sports Shoes,Black,Fall,2012.0,Sports,F Sports Men Black Pace Sports Shoes,images/54544.jpg
30001,Women,Accessories,Watches,Watches,White,Winter,2016.0,Casual,Aspen Women White Dial Watch,images/30001.jpg
29910,Men,Accessories,Watches,Watches,Black,Winter,2016.0,Casual,Police Men Black Dial Watch PL12170JSB,images/29910.jpg
26164,Men,Apparel,Bottomwear,Trousers,Grey,Summer,2012.0,Formal,John Miller Men Striped Grey Trousers,images/26164.jpg
56213,Women,Accessories,Jewellery,Earrings,Gold,Winter,2016.0,Casual,Estelle Women Gold Earrings,images/56213.jpg
40376,Women,Apparel,Topwear,Tops,Yellow,Summer,2012.0,Casual,Tokyo Talkies Women Yellow Top,images/40376.jpg
24633,Women,Footwear,Flip Flops,Flip Flops,Pink,Fall,2011.0,Casual,ADIDAS Women Polka Pink Flip Flops,images/24633.jpg
10406,Women,Apparel,Dress,Dresses,Grey,Fall,2011.0,Casual,United Colors of Benetton Women Solid Grey Dresses,images/10406.jpg
4523,Men,Footwear,Shoes,Sports Shoes,Blue,Summer,2011.0,Sports,Puma Men's Faas Blue White Silver Red Shoe,images/4523.jpg
21341,Men,Accessories,Eyewear,Sunglasses,Steel,Winter,2016.0,Casual,Pal Zileri Men Casual Steel Frame Sunglasses,images/21341.jpg
37224,Women,Apparel,Topwear,Shirts,Purple,Summer,2012.0,Casual,United Colors of Benetton Women Purple Shirt,images/37224.jpg
32564,Women,Apparel,Bottomwear,Trousers,Orange,Summer,2012.0,Casual,ONLY Women Orange Trousers,images/32564.jpg
40144,Girls,Apparel,Topwear,Tops,Pink,Summer,2012.0,Casual,Gini and Jony Girls Pretty Blossom Pink Top,images/40144.jpg
21173,Women,Apparel,Topwear,Shirts,Grey,Fall,2011.0,Casual,s.Oliver Women Grey Shirt,images/21173.jpg
4711,Unisex,Accessories,Watches,Watches,Black,Winter,2016.0,Sports,ADIDAS Unisex Toronto Hand Black Watch,images/4711.jpg
17411,Men,Footwear,Shoes,Sports Shoes,White,Fall,2011.0,Sports,Lotto Men Basketball Mid White Sports Shoe,images/17411.jpg
23624,Girls,Apparel,Topwear,Tops,White,Fall,2011.0,Casual,Doodle Kids Girls White I love Shopping Top,images/23624.jpg
6046,Men,Apparel,Topwear,Shirts,Green,Summer,2011.0,Casual,UCB Men Logo Chest Green Shirt,images/6046.jpg
34693,Girls,Apparel,Bottomwear,Shorts,Pink,Summer,2012.0,Casual,Allen Solly Kids Girls Poplin Pink Shorts,images/34693.jpg
47361,Women,Accessories,Bags,Handbags,Black,Summer,2012.0,Casual,Baggit Women Black Voodoo Gang Handbag,images/47361.jpg
7194,Women,Apparel,Topwear,Tops,White,Fall,2011.0,Casual,Jealous 21 Women's BFF Printed White Top,images/7194.jpg
30233,Men,Footwear,Shoes,Casual Shoes,White,Summer,2012.0,Casual,Numero Uno Men White Shoes,images/30233.jpg
48329,Women,Accessories,Bags,Handbags,Purple,Summer,2012.0,Casual,Pitaraa Women Purple Sling Bag,images/48329.jpg
12163,Women,Apparel,Bottomwear,Leggings,Purple,Fall,2011.0,Ethnic,Aurelia Women Solid Purple Leggings,images/12163.jpg
24065,Men,Apparel,Topwear,Shirts,Green,Fall,2011.0,Casual,Locomotive Men Checked Green Shirt,images/24065.jpg
10250,Women,Accessories,Bags,Handbags,Brown,Winter,2015.0,Casual,Murcia Women Hahk Brown Handbags,images/10250.jpg
40520,Men,Accessories,Watches,Watches,Cream,Winter,2016.0,Casual,Titan Men Cream Dial Watch,images/40520.jpg
37472,Men,Accessories,Watches,Watches,Grey,Winter,2016.0,Casual,Esprit Men Grey Dial Watch,images/37472.jpg
15722,Men,Footwear,Shoes,Sports Shoes,Grey,Fall,2011.0,Sports,Nike Men Lunarswift+ 3 Shield Grey Sports Shoes,images/15722.jpg
35325,Women,Accessories,Jewellery,Earrings,Silver,Winter,2016.0,Ethnic,Fabindia Women Anusuya Silver Earrings,images/35325.jpg
22392,Women,Apparel,Topwear,Tops,White,Fall,2011.0,Casual,ADIDAS Women Whalf Striper White Top,images/22392.jpg
51660,Men,Accessories,Watches,Watches,Black,Winter,2016.0,Casual,Fossil Men Black Dial Watch AM4384,images/51660.jpg
17075,Women,Accessories,Belts,Belts,Navy Blue,Winter,2015.0,Casual,Lino Perros Women Weaved  Navy Blue Belt,images/17075.jpg
6422,Unisex,Footwear,Shoes,Casual Shoes,Black,Summer,2011.0,Casual,Lotto Unisex Canvas Black Grey Shoe,images/6422.jpg
18801,Men,Accessories,Belts,Belts,Brown,Summer,2011.0,Casual,Peter England Men Casual Brown Belt,images/18801.jpg
12507,Men,Footwear,Shoes,Casual Shoes,Black,Winter,2018.0,Casual,Red Tape Men Casual Black Casual Shoes,images/12507.jpg
31785,Women,Apparel,Topwear,Tops,Navy Blue,Summer,2012.0,Casual,Lee Women Katie Navy Blue Top,images/31785.jpg
3150,Men,Footwear,Shoes,Sports Shoes,Black,Fall,2010.0,Sports,Nike Men's Lunarswift Black Shoe,images/3150.jpg
42879,Women,Accessories,Bags,Clutches,Black,Summer,2012.0,Casual,French Connection Women Black Buffy Clutch,images/42879.jpg
51452,Women,Apparel,Topwear,Tops,White,Summer,2012.0,Casual,Tonga Women White & Pink Top,images/51452.jpg
23072,Men,Apparel,Bottomwear,Trousers,Navy Blue,Winter,2014.0,Formal,Arrow Men Navy Blue Solid Trousers,images/23072.jpg
42045,Men,Footwear,Shoes,Casual Shoes,Yellow,Summer,2012.0,Casual,Nike Men Wardour Chukka Yellow Casual Shoes,images/42045.jpg
12735,Unisex,Accessories,Headwear,Caps,Black,Fall,2011.0,Sports,Nike Unisex U Black Caps,images/12735.jpg
43197,Women,Accessories,Watches,Watches,Grey,Winter,2016.0,Casual,Fastrack Women Grey Dial Watch,images/43197.jpg
24257,Men,Footwear,Shoes,Casual Shoes,Navy Blue,Summer,2012.0,Casual,Numero Uno Men Navy Blue Casual Shoes,images/24257.jpg
56677,Men,Accessories,Watches,Watches,White,Winter,2016.0,Casual,Maxima Men White Dial Watch,images/56677.jpg
32332,Men,Accessories,Watches,Watches,Steel,Winter,2016.0,Casual,Q&Q Men Steel Digital Watch,images/32332.jpg
37640,Women,Accessories,Bags,Clutches,Red,Summer,2012.0,Casual,Wills Lifestyle Women Red Clutch,images/37640.jpg
4147,Women,Footwear,Shoes,Sports Shoes,White,Summer,2011.0,Sports,Nike Women Glide White Grey Shoe,images/4147.jpg
36792,Men,Accessories,Watches,Watches,Black,Winter,2016.0,Casual,Maxima Men Black Dial Attivo Watch,images/36792.jpg
45260,Men,Accessories,Watches,Watches,Black,Winter,2016.0,Casual,CASIO G-Shock Men Black Digital Watch DW-5600E-1VDF G001,images/45260.jpg
15510,Men,Footwear,Shoes,Casual Shoes,Charcoal,Fall,2011.0,Casual,Rockport Men CV Toe HI Charcoal Casual Shoes,images/15510.jpg
21725,Men,Apparel,Topwear,Sweatshirts,Navy Blue,Fall,2011.0,Casual,ADIDAS Men Navy Blue Sweatshirt,images/21725.jpg
16368,Men,Apparel,Bottomwear,Trousers,Charcoal,Fall,2011.0,Formal,Peter England Men Stripes Charcoal Trouser,images/16368.jpg
42884,Women,Accessories,Bags,Clutches,Beige,Summer,2012.0,Casual,French Connection Women Beige Clutch,images/42884.jpg
19320,Unisex,Accessories,Bags,Backpacks,Pink,Fall,2011.0,Casual,Nike Unisex Classic Turf Pink Backpack,images/19320.jpg
5854,Women,Accessories,Bags,Handbags,Pink,Summer,2011.0,Casual,ADIDAS Women Pink Handbag,images/5854.jpg
11971,Men,Footwear,Shoes,Sports Shoes,White,Fall,2011.0,Sports,Fila Men Glow White Sports Shoes,images/11971.jpg
24098,Men,Footwear,Sandal,Sandals,Black,Summer,2012.0,Casual,Red Tape Men Black Sandals,images/24098.jpg
28655,Men,Footwear,Shoes,Sports Shoes,White,Summer,2012.0,Sports,Nike Men Zoom Structure White Sports Shoes,images/28655.jpg
9497,Men,Footwear,Sandal,Sandals,Black,Summer,2011.0,Casual,Decathlon Men Arpenaz Black Sandals,images/9497.jpg
16966,Men,Footwear,Shoes,Sports Shoes,Black,Fall,2011.0,Sports,Reebok Men Sprintfit Lite Black Sports Shoe,images/16966.jpg
49662,Women,Accessories,Eyewear,Sunglasses,Black,Winter,2016.0,Casual,United Colors of Benetton Women Sunglass,images/49662.jpg
20860,Women,Accessories,Eyewear,Sunglasses,Black,Winter,2016.0,Casual,United Colors of Benetton Women Casual Sunglasses,images/20860.jpg
32599,Women,Apparel,Topwear,Tops,Black,Summer,2012.0,Casual,ONLY Women Black Top,images/32599.jpg
58146,Unisex,Accessories,Bags,Backpacks,Black,Summer,2012.0,Casual,Puma Unisex Black Backpack,images/58146.jpg
41857,Men,Footwear,Sandal,Sandals,Olive,Summer,2012.0,Casual,Bata Men Hummer Grey Sandals,images/41857.jpg
36139,Men,Footwear,Shoes,Sports Shoes,Black,Summer,2012.0,Sports,Nike Men The Overplay VII Black Sports Shoes,images/36139.jpg
19576,Women,Apparel,Topwear,Tops,White,Summer,2011.0,Casual,United Colors of Benetton Women White Top,images/19576.jpg
8121,Men,Accessories,Belts,Belts,Brown,Winter,2016.0,Casual,Fastrack Men Brown Belt,images/8121.jpg
6887,Women,Apparel,Topwear,Jackets,Blue,Summer,2011.0,Casual,Forever New Women Indigo Wash Blue Jacket,images/6887.jpg
31912,Women,Accessories,Bags,Handbags,Green,Summer,2012.0,Casual,Fabindia Women Green Sling Bag,images/31912.jpg
49808,Women,Footwear,Flip Flops,Flip Flops,Blue,Winter,2012.0,Casual,iPanema Women Blue Flip Flops,images/49808.jpg
22539,Women,Footwear,Shoes,Heels,Brown,Winter,2012.0,Casual,Inc.5  Women Grey Flats,images/22539.jpg
8313,Women,Accessories,Bags,Handbags,Black,Winter,2016.0,Casual,Fastrack Women Nylon Black Handbag,images/8313.jpg
19744,Men,Apparel,Topwear,Jackets,Green,Fall,2011.0,Casual,ADIDAS Originals Men Solid Green Jacket,images/19744.jpg
11529,Men,Apparel,Topwear,Sweaters,Grey,Fall,2011.0,Casual,United Colors Of Benetton Men Heavy Winter Grey Sweaters,images/11529.jpg
24408,Men,Footwear,Shoes,Sports Shoes,Black,Summer,2012.0,Sports,ADIDAS Men Black Vanquish Sports Shoes,images/24408.jpg
20894,Men,Footwear,Shoes,Casual Shoes,Red,Fall,2011.0,Casual,Basics Men Red Casual Shoes,images/20894.jpg
21946,Women,Accessories,Bags,Handbags,Black,Winter,2015.0,Casual,Murcia Women Casual Black Handbag,images/21946.jpg
40971,Men,Footwear,Shoes,Casual Shoes,Brown,Winter,2012.0,Casual,Buckaroo Men Brown Casual Shoes,images/40971.jpg
12956,Men,Footwear,Shoes,Sports Shoes,Blue,Fall,2011.0,Sports,ADIDAS Men Sports Blue Sports Shoes,images/12956.jpg
29317,Unisex,Accessories,Bags,Backpacks,Blue,Summer,2012.0,Casual,ADIDAS Unisex Blue Backpack,images/29317.jpg
47368,Women,Accessories,Bags,Handbags,Brown,Summer,2015.0,Casual,Baggit Brown Handbag,images/47368.jpg
9007,Women,Accessories,Bags,Handbags,Silver,Winter,2015.0,Casual,Murcia Women Silver Black Purse Silver Handbags,images/9007.jpg
6873,Women,Apparel,Dress,Dresses,Black,Summer,2011.0,Casual,Forever New Women's Top Black Dress,images/6873.jpg
29125,Women,Accessories,Eyewear,Sunglasses,White,Winter,2016.0,Casual,Vogue Women White Sunglasses,images/29125.jpg
48112,Women,Accessories,Belts,Belts,Brown,Summer,2012.0,Casual,Fossil Women Brown Belt,images/48112.jpg
15941,Men,Accessories,Belts,Belts,Black,Fall,2011.0,Casual,Turtle Men Leather Black Belts,images/15941.jpg
21348,Men,Accessories,Eyewear,Sunglasses,Silver,Winter,2016.0,Casual,Pal Zileri Men Casual Metal Frame Sunglasses,images/21348.jpg
6619,Men,Footwear,Shoes,Sports Shoes,White,Summer,2011.0,Sports,ADIDAS Men's Boris White Shoe,images/6619.jpg
42870,Women,Accessories,Bags,Handbags,Purple,Summer,2012.0,Casual,French Connection Women Purple Handbag,images/42870.jpg
18206,Men,Accessories,Headwear,Caps,Black,Fall,2011.0,Casual,Manchester United Men Solid Black Cap,images/18206.jpg
54129,Women,Footwear,Shoes,Heels,Beige,Winter,2012.0,Casual,Rocia Women Beige Flats,images/54129.jpg
23847,Men,Footwear,Shoes,Sports Shoes,White,Fall,2011.0,Sports,ADIDAS Men White Duramo 3 Sports Shoes,images/23847.jpg
11985,Men,Footwear,Shoes,Sports Shoes,Black,Fall,2011.0,Sports,Fila Men Glow Black Sports Shoes,images/11985.jpg
15519,Men,Footwear,Flip Flops,Flip Flops,Brown,Fall,2011.0,Casual,Rockport Men Jelba Brown Flip Flops,images/15519.jpg
10259,Men,Apparel,Bottomwear,Trousers,Black,Fall,2011.0,Formal,John Miller Men Reglur Black Trousers,images/10259.jpg
53902,Women,Accessories,Bags,Handbags,Brown,Summer,2012.0,Casual,Kiara Women Brown Handbag,images/53902.jpg
59404,Women,Apparel,Topwear,Tops,Blue,Fall,2012.0,Casual,Tokyo Talkies Women Blue Top,images/59404.jpg
44189,Women,Footwear,Flip Flops,Flip Flops,Pink,Winter,2012.0,Casual,iPanema Women Pink Flip Flops,images/44189.jpg
24850,Men,Accessories,Belts,Belts,Brown,Summer,2012.0,Formal,Indigo Nation Men Formal Brown Belts,images/24850.jpg
18808,Men,Accessories,Belts,Belts,Navy Blue,Summer,2011.0,Casual,Peter England Men Casual Navy Blue Belt,images/18808.jpg
51669,Men,Accessories,Eyewear,Sunglasses,Silver,Winter,2016.0,Casual,Louis Philippe Men Grey Sunglasses,images/51669.jpg
3965,Women,Apparel,Topwear,Tops,White,Summer,2011.0,Casual,Jealous 21 Women White Sleeveless Top,images/3965.jpg
17840,Men,Footwear,Shoes,Sports Shoes,Red,Fall,2011.0,Sports,Nike Men Air Quick Handle Red Sports Shoe,images/17840.jpg
18034,Women,Accessories,Bags,Handbags,Beige,Winter,2015.0,Casual,Lino Perros Women Solid Beige Handbag,images/18034.jpg
16992,Women,Accessories,Belts,Belts,Black,Summer,2011.0,Casual,Puma Women Dizzy  Black Belt,images/16992.jpg
3159,Men,Footwear,Shoes,Sports Shoes,White,Fall,2010.0,Sports,Nike Men's Air Max Moto White Blue Shoe,images/3159.jpg
33646,Men,Footwear,Sandal,Sandals,Black,Summer,2012.0,Casual,Lotto Men Ridge Black Sandals,images/33646.jpg
57303,Women,Footwear,Shoes,Heels,Brown,Winter,2012.0,Casual,Rocia Women Brown Wedges,images/57303.jpg
11516,Women,Footwear,Shoes,Heels,Black,Winter,2015.0,Casual,Catwalk Women Lifestyle Black Heels,images/11516.jpg
44714,Men,Footwear,Flip Flops,Flip Flops,Maroon,Summer,2012.0,Casual,Lotto Men Maroon Juve Flip Flop,images/44714.jpg
49837,Women,Footwear,Flip Flops,Flip Flops,Blue,Winter,2012.0,Casual,iPanema Women Blue Flip Flops,images/49837.jpg
16733,Men,Footwear,Flip Flops,Flip Flops,Black,Fall,2011.0,Casual,Lotto Men Earth Black Slipper,images/16733.jpg
7364,Men,Footwear,Shoes,Casual Shoes,Brown,Winter,2018.0,Casual,Red Tape Men's Brown casual Shoe,images/7364.jpg
34463,Unisex,Accessories,Bags,Backpacks,Black,Summer,2012.0,Casual,ADIDAS Unisex Black Backpack,images/34463.jpg
31111,Boys,Apparel,Bottomwear,Jeans,Black,Summer,2012.0,Casual,Gini and Jony Boys Solid Black Jeans,images/31111.jpg
12393,Men,Accessories,Socks,Socks,Black,Summer,2016.0,Formal,Reid & Taylor Men Solid Black Socks,images/12393.jpg
13241,Men,Apparel,Topwear,Jackets,White,Fall,2011.0,Casual,Palm Tree Kids Boys Solid White Jackets,images/13241.jpg
43531,Women,Apparel,Topwear,Tops,Off White,Summer,2012.0,Casual,French Connection Women Off White Top,images/43531.jpg
46271,Women,Apparel,Dress,Dresses,Blue,Summer,2012.0,Casual,109F Blue A-Line Dress,images/46271.jpg
35783,Women,Footwear,Shoes,Heels,Turquoise Blue,Summer,2012.0,Casual,Enroute Women Turquoise Blue Flats,images/35783.jpg
22734,Women,Footwear,Shoes,Sports Shoes,Grey,Fall,2011.0,Sports,Nike Women Grey Lunarglide +3 Sports Shoes,images/22734.jpg
8922,Men,Accessories,Belts,Belts,White,Fall,2011.0,Casual,Puma Men Cat  White Belt,images/8922.jpg
34651,Women,Footwear,Shoes,Sports Shoes,Black,Fall,2012.0,Sports,Fila Women Top Fuel Black Sports Shoes,images/34651.jpg
19549,Men,Apparel,Topwear,Sweatshirts,Grey,Fall,2011.0,Casual,United Colors of Benetton Men Solid Grey Sweatshirt,images/19549.jpg
49239,Men,Accessories,Headwear,Caps,White,Fall,2012.0,Casual,Arrow Men White Cap,images/49239.jpg
13073,Men,Footwear,Shoes,Casual Shoes,White,Fall,2012.0,Casual,Numero Uno Men White Shoes,images/13073.jpg
57131,Women,Apparel,Topwear,Tops,Teal,Summer,2012.0,Casual,Elle Women Teal Top,images/57131.jpg
33474,Women,Accessories,Belts,Belts,Blue,Summer,2012.0,Casual,Baggit Women Chotu Dum Blue Belt,images/33474.jpg
59897,Women,Apparel,Dress,Dresses,Yellow,Fall,2012.0,Casual,Femella Women Yellow Dress,images/59897.jpg
5601,Men,Footwear,Flip Flops,Flip Flops,Brown,Summer,2011.0,Casual,Nike Men's Splash Thong Yellow Black Flip Flop,images/5601.jpg
58179,Women,Accessories,Bags,Handbags,Blue,Summer,2012.0,Casual,Rocky S Women Blue Handbag,images/58179.jpg
39972,Men,Footwear,Shoes,Casual Shoes,Grey,Summer,2013.0,Casual,GAS Men Grey Campus Casual Shoes,images/39972.jpg
15384,Men,Footwear,Flip Flops,Flip Flops,Black,Summer,2013.0,Casual,Filac Men Hawai Black Slippers,images/15384.jpg
41868,Men,Footwear,Sandal,Sandals,Turquoise Blue,Summer,2015.0,Casual,Estd. 1977 Men Turquoise Blue Sandals,images/41868.jpg
46615,Women,Footwear,Shoes,Heels,Red,Winter,2012.0,Casual,Catwalk Women Red Flats,images/46615.jpg
16165,Men,Footwear,Shoes,Casual Shoes,Tan,Fall,2011.0,Casual,Enroute Men Leather Brown Casual Shoes,images/16165.jpg
27622,Men,Apparel,Bottomwear,Trousers,Grey,Summer,2012.0,Casual,Scullers Men Grey Trousers,images/27622.jpg
16959,Women,Accessories,Eyewear,Sunglasses,Brown,Winter,2016.0,Casual,Image Women Classic Eyewear Brown Sunglasses,images/16959.jpg
11340,Men,Apparel,Bottomwear,Jeans,Blue,Summer,2017.0,Casual,Lee Men Blue Chicago Fit Jeans,images/11340.jpg
25175,Women,Accessories,Bags,Handbags,Red,Winter,2015.0,Casual,Lino Perros Women Red and Grey Handbag,images/25175.jpg
10292,Women,Footwear,Shoes,Heels,Brown,Summer,2015.0,Casual,Clarks Women Brown Leather Heels,images/10292.jpg
25949,Women,Accessories,Scarves,Scarves,Brown,Summer,2012.0,Casual,Femella Women Printed Brown Scarf,images/25949.jpg
11172,Men,Apparel,Topwear,Sweaters,Red,Fall,2011.0,Casual,Scullers Men Stripes Red Sweaters,images/11172.jpg
39718,Women,Apparel,Topwear,Tops,Beige,Summer,2012.0,Casual,Arrow Woman Beige Top,images/39718.jpg
24295,Men,Accessories,Socks,Socks,Black,Summer,2016.0,Casual,Quiksilver Men Black Socks,images/24295.jpg
36750,Girls,Apparel,Dress,Dresses,Navy Blue,Summer,2012.0,Casual,Little Miss Girls Chatterbox Navy Blue Dress,images/36750.jpg
37682,Unisex,Accessories,Bags,Backpacks,Black,Summer,2012.0,Casual,American Tourister Unisex Black Backpack,images/37682.jpg
34007,Girls,Apparel,Topwear,Tops,Pink,Summer,2012.0,Casual,Gini and Jony Girls Pink Top,images/34007.jpg
22162,Men,Footwear,Shoes,Casual Shoes,Black,Summer,2011.0,Casual,Timberland Men Black Casual Shoes,images/22162.jpg
7700,Women,Apparel,Topwear,Tops,Pink,Fall,2011.0,Casual,Jealous 21 Women's All Girls Dying Jealousy Pink Top,images/7700.jpg
42087,Men,Footwear,Shoes,Sports Shoes,White,Summer,2012.0,Sports,ADIDAS Men White Aztek Shoes,images/42087.jpg
17043,Men,Footwear,Shoes,Casual Shoes,Black,Summer,2013.0,Casual,Gas Men Skate 003 Casual Shoe,images/17043.jpg
50784,Women,Footwear,Shoes,Heels,Cream,Fall,2013.0,Casual,Clarks Women Cream Coloured Onslow Beat Leather Wedges,images/50784.jpg
2888,Women,Footwear,Shoes,Heels,Brown,Winter,2015.0,Casual,Catwalk Women Wedding Heeled Bronze Heels,images/2888.jpg
6414,Men,Footwear,Flip Flops,Flip Flops,Grey,Summer,2011.0,Casual,Lotto Men's Thong Blue White Flip Flop,images/6414.jpg
18837,Men,Accessories,Belts,Belts,Brown,Summer,2011.0,Formal,Peter England Men Formal Brown Belt,images/18837.jpg
35313,Women,Accessories,Jewellery,Earrings,Silver,Winter,2016.0,Ethnic,Fabindia Women Anusuya Silver Earrings,images/35313.jpg
30661,Men,Accessories,Eyewear,Sunglasses,Black,Winter,2016.0,Casual,Park Avenue Men Black Sunglasses,images/30661.jpg
26704,Men,Footwear,Shoes,Sports Shoes,White,Fall,2011.0,Sports,Nike Men White T-Lite 9 SL Shoes,images/26704.jpg
12531,Women,Apparel,Topwear,Sweatshirts,Pink,Fall,2011.0,Casual,Puma Women Solid Pink Sweatshirts,images/12531.jpg
42241,Women,Apparel,Topwear,Tops,Purple,Summer,2012.0,Casual,Sepia Women Purple Top,images/42241.jpg
25181,Women,Accessories,Bags,Handbags,Brown,Winter,2015.0,Casual,Lino Perros Women Leatherite Brown Handbag,images/25181.jpg
10266,Men,Footwear,Shoes,Casual Shoes,Brown,Fall,2011.0,Casual,Clarks Men Goto Hi Cola Suede Brown Shoes,images/10266.jpg
15714,Men,Footwear,Shoes,Sports Shoes,Black,Fall,2011.0,Sports,Nike Men Free Run+ 2 Black Sports Shoes,images/15714.jpg
21521,Women,Accessories,Bags,Handbags,Pink,Winter,2015.0,Casual,Kiara Women Rose Pink Handbag,images/21521.jpg
4343,Men,Footwear,Shoes,Casual Shoes,Red,Summer,2011.0,Casual,Fila Men Leonard Red Shoes,images/4343.jpg
53101,Women,Accessories,Jewellery,Earrings,Silver,Winter,2016.0,Casual,Fabindia Silver Drop Earrings,images/53101.jpg
15526,Women,Footwear,Shoes,Heels,Brown,Fall,2011.0,Casual,Rockport Women Jeanie Oneband Brown Flats,images/15526.jpg
37676,Unisex,Accessories,Bags,Backpacks,Black,Winter,2012.0,Casual,American Tourister Unisex Black Backpack,images/37676.jpg
47501,Unisex,Footwear,Shoes,Casual Shoes,Red,Fall,2012.0,Casual,Footfun Kids Unisex Red Shoes,images/47501.jpg
23044,Women,Apparel,Bottomwear,Leggings,Brown,Fall,2011.0,Casual,Arrow Woman Brown Jeggings,images/23044.jpg
22196,Men,Footwear,Shoes,Casual Shoes,Black,Fall,2012.0,Casual,Timberland Men Black Casual Shoes,images/22196.jpg
51464,Women,Apparel,Topwear,Tops,Olive,Summer,2012.0,Casual,Tonga Women Olive Top,images/51464.jpg
54116,Women,Footwear,Shoes,Heels,Maroon,Winter,2012.0,Casual,Rocia Women Maroon Sandals,images/54116.jpg
30453,Men,Apparel,Bottomwear,Jeans,White,Summer,2012.0,Casual,Deni Yo Men White Jeans,images/30453.jpg
2286,Men,Apparel,Topwear,Sweatshirts,Black,Fall,2010.0,Sports,Nike Men Black Sweatshirt,images/2286.jpg
23878,Women,Footwear,Shoes,Casual Shoes,Green,Summer,2012.0,Casual,Fila Women Sleeker Green Check Casual Shoes,images/23878.jpg
48549,Women,Accessories,Belts,Belts,Black,Summer,2012.0,Casual,Wrangler Women Black Belt,images/48549.jpg
26536,Men,Footwear,Shoes,Casual Shoes,White,Summer,2012.0,Casual,ID Men White Shoes,images/26536.jpg
39388,Men,Apparel,Bottomwear,Jeans,Black,Summer,2012.0,Casual,Peter England Men Black Jeans,images/39388.jpg
35545,Girls,Footwear,Sandal,Sandals,Brown,Summer,2012.0,Casual,Enroute Teens Brown Sandals,images/35545.jpg
47165,Men,Accessories,Belts,Belts,Black,Summer,2012.0,Casual,Peter England Men Black Belt,images/47165.jpg
26152,Men,Apparel,Bottomwear,Trousers,Grey,Summer,2012.0,Formal,John Miller Men Striped Grey Trousers,images/26152.jpg
27080,Women,Footwear,Shoes,Heels,Silver,Winter,2015.0,Casual,Catwalk Women Silver Flats,images/27080.jpg
46285,Women,Apparel,Dress,Dresses,Multi,Summer,2012.0,Casual,109F Women Multi Coloured Dress,images/46285.jpg
12155,Women,Apparel,Bottomwear,Leggings,Beige,Fall,2011.0,Ethnic,Aurelia Women Solid Beige Leggings,images/12155.jpg
42625,Women,Accessories,Jewellery,Earrings,Silver,Winter,2016.0,Casual,Estelle Women Earrings,images/42625.jpg
30205,Women,Accessories,Bags,Handbags,Pink,Summer,2012.0,Casual,Nike Women Track Tote Pink Handbag,images/30205.jpg
40172,Men,Accessories,Eyewear,Sunglasses,Black,Winter,2016.0,Casual,Fastrack Men UV protected Sporty Wrap Sunglasses,images/40172.jpg
33480,Women,Accessories,Belts,Belts,Purple,Spring,2012.0,Casual,Baggit Women Purple Belt,images/33480.jpg
21979,Women,Accessories,Bags,Clutches,Black,Winter,2015.0,Casual,Murcia Women Casual Black Clutch,images/21979.jpg
15370,Women,Apparel,Topwear,Sweatshirts,Pink,Fall,2011.0,Casual,Urban Yoga Women Solid Pink Sweatshirts,images/15370.jpg
38434,Women,Accessories,Bags,Handbags,Blue,Summer,2012.0,Casual,Baggit Women Blue Handbag,images/38434.jpg
53905,Women,Accessories,Bags,Handbags,Beige,Summer,2012.0,Casual,Kiara Women Beige Handbag,images/53905.jpg
1609,Women,Apparel,Topwear,Sweatshirts,Pink,Fall,2010.0,Sports,Reebok Women Boat-Neck Wildberry Sweatshirt,images/1609.jpg
21519,Women,Accessories,Bags,Handbags,White,Winter,2015.0,Casual,Kiara Women Glossy White Handbag,images/21519.jpg
53139,Women,Footwear,Shoes,Heels,Blue,Winter,2015.0,Casual,Catwalk Women Blue & White Sandals,images/53139.jpg
3962,Women,Apparel,Topwear,Tops,Black,Summer,2011.0,Casual,Jealous 21 Women Black Shimmery Falling Neck Top,images/3962.jpg
18033,Women,Accessories,Bags,Handbags,Brown,Winter,2015.0,Casual,Lino Perros Women Solid Brown Handbag,images/18033.jpg
18201,Men,Apparel,Topwear,Jackets,Olive,Fall,2011.0,Casual,Nike Men Casual Olive Jacket,images/18201.jpg
35925,Women,Accessories,Bags,Clutches,Yellow,Summer,2012.0,Casual,Peperone Women Yellow Clutch,images/35925.jpg
8784,Unisex,Accessories,Eyewear,Sunglasses,Brown,Winter,2016.0,Casual,Fastrack Unisex Brown Sunglasses,images/8784.jpg
56679,Women,Footwear,Shoes,Heels,Brown,Winter,2012.0,Casual,Portia Women Brown Sandals,images/56679.jpg
26956,Women,Apparel,Topwear,Tops,Black,Summer,2012.0,Casual,Jealous 21 Women Black Top,images/26956.jpg
29122,Unisex,Accessories,Headwear,Caps,Black,Summer,2012.0,Casual,Puma Unisex Cat Logo Black Cap,images/29122.jpg
48115,Women,Accessories,Belts,Belts,Black,Summer,2012.0,Casual,Fossil Women Black Midnight  Belt,images/48115.jpg
47961,Women,Accessories,Bags,Clutches,Grey,Summer,2012.0,Casual,French Connection Women Grey Clutch,images/47961.jpg
6874,Women,Apparel,Dress,Dresses,Pink,Summer,2011.0,Casual,Forever New Women Pink Sleeveless Dress,images/6874.jpg
35589,Men,Footwear,Sandal,Sandals,Olive,Fall,2012.0,Casual,Gliders Men Yellow Sandals,images/35589.jpg
31915,Women,Accessories,Bags,Clutches,Green,Summer,2012.0,Casual,Fabindia Women Green Silk Clutch,images/31915.jpg
19743,Women,Accessories,Headwear,Caps,Blue,Fall,2011.0,Casual,United colors of benetton Women Blue Cap,images/19743.jpg
31129,Girls,Apparel,Dress,Dresses,Magenta,Summer,2012.0,Casual,Giny and Jony Girls Printed White & Pink Dress,images/31129.jpg
43509,Women,Apparel,Dress,Dresses,Grey Melange,Summer,2012.0,Casual,French Connection Women Grey Melange Dress,images/43509.jpg
58141,Women,Accessories,Jewellery,Earrings,Silver,Fall,2012.0,Casual,Rreverie Silver Earrings,images/58141.jpg
57935,Men,Footwear,Sandal,Sandals,Black,Spring,2012.0,Casual,Clarks Men Black Leather Closed Sandals,images/57935.jpg
41850,Men,Accessories,Socks,Socks,Black,Winter,2015.0,Casual,Genesis Men Pack of 3 Socks,images/41850.jpg
21189,Unisex,Accessories,Bags,Backpacks,Blue,Summer,2012.0,Casual,Quiksilver Unisex Blue Backpack,images/21189.jpg
8126,Men,Accessories,Belts,Belts,Brown,Winter,2016.0,Casual,Fastrack Men Non Leather Brown Belts,images/8126.jpg
6880,Women,Apparel,Topwear,Jackets,Black,Summer,2011.0,Casual,Forever New Women Long Black Jacket,images/6880.jpg
39512,Unisex,Accessories,Bags,Backpacks,Black,Summer,2012.0,Casual,Peter England Unisex Black Backpack,images/39512.jpg
52823,Women,Accessories,Jewellery,Earrings,Green,Summer,2012.0,Casual,Adrika Green Earrings,images/52823.jpg
25971,Women,Apparel,Dress,Dresses,Black,Summer,2012.0,Casual,Femella Women Black Dress,images/25971.jpg
29780,Men,Apparel,Bottomwear,Trousers,Black,Summer,2013.0,Casual,Basics Men Black Trousers,images/29780.jpg
3996,Men,Footwear,Flip Flops,Flip Flops,Black,Summer,2011.0,Casual,Spalding Men Black Flip Flops,images/3996.jpg
9490,Unisex,Accessories,Bags,Backpacks,Black,Fall,2011.0,Casual,Puma Unisex Deck Black Backpacks,images/9490.jpg
49665,Men,Accessories,Eyewear,Sunglasses,Black,Winter,2016.0,Casual,United Colors of Benetton Men Sunglass,images/49665.jpg
8542,Women,Footwear,Flip Flops,Flip Flops,Black,Fall,2011.0,Casual,Crocs Women Abf Single Flip Slippers,images/8542.jpg
16961,Men,Accessories,Eyewear,Sunglasses,Black,Winter,2016.0,Casual,Image Men Sunglasses,images/16961.jpg
28460,Women,Apparel,Bottomwear,Shorts,Pink,Summer,2012.0,Sports,Urban Yoga Women Pink Shorts,images/28460.jpg
23088,Men,Apparel,Bottomwear,Trousers,Grey,Fall,2011.0,Casual,Arrow Sport Men Dk.Grey Brown Trousers,images/23088.jpg
43951,Women,Footwear,Shoes,Heels,Bronze,Winter,2012.0,Casual,Catwalk Women Bronze Heels,images/43951.jpg
34803,Men,Accessories,Belts,Belts,Green,Summer,2012.0,Casual,Flying Machine Men Woven Green Belt,images/34803.jpg
19327,Men,Apparel,Topwear,Sweatshirts,Navy Blue,Fall,2011.0,Casual,Myntra Men Solid Blue Sweatshirt,images/19327.jpg
39720,Women,Apparel,Dress,Jumpsuit,Olive,Summer,2012.0,Casual,Arrow Woman Olive Jumpsuit,images/39720.jpg
14438,Women,Footwear,Shoes,Heels,Yellow,Summer,2012.0,Casual,Enroute Women Casual Yellow Heels,images/14438.jpg
42622,Women,Accessories,Jewellery,Earrings,Gold,Winter,2016.0,Casual,Estelle Women Earrings,images/42622.jpg
30202,Unisex,Accessories,Bags,Backpacks,Navy Blue,Summer,2012.0,Casual,Nike Unisex Classic Turf Navy Blue Backpack,images/30202.jpg
40175,Men,Accessories,Eyewear,Sunglasses,Grey,Winter,2016.0,Casual,Fastrack Men Revo Coated Sporty Wrap Sunglasses,images/40175.jpg
35542,Girls,Footwear,Sandal,Sandals,Pink,Summer,2012.0,Casual,Enroute Kids Girls Pink Sandals,images/35542.jpg
47162,Men,Accessories,Belts,Belts,Brown,Summer,2012.0,Casual,Peter England Men Brown Belt,images/47162.jpg
26155,Men,Apparel,Bottomwear,Trousers,Grey,Summer,2012.0,Formal,John Miller Men Striped Grey Trousers,images/26155.jpg
3737,Unisex,Accessories,Headwear,Caps,Purple,Fall,2010.0,Sports,Lotto Unisex Kochi Tuskers Sovenior Purple Orange Cap,images/3737.jpg
15521,Men,Footwear,Flip Flops,Flip Flops,Black,Fall,2011.0,Casual,Rockport Men Jelbalp Black Flip Flops,images/15521.jpg
37671,Unisex,Accessories,Bags,Backpacks,Black,Summer,2012.0,Casual,American Tourister Unisex Black Backpack,images/37671.jpg
23043,Women,Apparel,Bottomwear,Leggings,Blue,Fall,2011.0,Casual,Arrow Woman Blue Jeggings,images/23043.jpg
54111,Women,Footwear,Shoes,Heels,Copper,Winter,2012.0,Casual,Rocia Women Copper Flats,images/54111.jpg
18830,Men,Accessories,Belts,Belts,Black,Summer,2011.0,Formal,Peter England Men Formal Black Belt,images/18830.jpg
17044,Men,Footwear,Sandal,Sandals,Brown,Summer,2013.0,Casual,Gas Men Aventura Sandal,images/17044.jpg
50783,Women,Footwear,Shoes,Heels,Black,Winter,2015.0,Casual,Clarks Women Black Onslow Beat Leather Wedges,images/50783.jpg
16196,Men,Apparel,Topwear,Jackets,Red,Fall,2011.0,Sports,Puma Men Heroes Red Jackets,images/16196.jpg
35314,Women,Accessories,Jewellery,Earrings,Silver,Winter,2016.0,Ethnic,Fabindia Women Anusuya Silver Earrings,images/35314.jpg
30666,Men,Accessories,Eyewear,Sunglasses,Black,Winter,2016.0,Casual,Park Avenue Men Black Sunglasses,images/30666.jpg
12536,Women,Apparel,Topwear,Sweatshirts,Black,Fall,2011.0,Casual,Puma Women Solid Black Sweatshirts,images/12536.jpg
10261,Men,Apparel,Bottomwear,Trousers,Brown,Fall,2011.0,Formal,John Miller Men Slim Brown Trousers,images/10261.jpg
53106,Women,Accessories,Jewellery,Earrings,Silver,Winter,2016.0,Casual,Fabindia Silver Earrings,images/53106.jpg
5296,Men,Footwear,Sandal,Sandals,Black,Summer,2011.0,Casual,Puma Men Black Floater,images/5296.jpg
11175,Men,Apparel,Topwear,Sweaters,White,Fall,2011.0,Casual,Scullers Men Stripes White Sweaters,images/11175.jpg
24292,Men,Accessories,Socks,Socks,Black,Summer,2016.0,Casual,Quiksilver Men High Black Socks,images/24292.jpg
33225,Women,Apparel,Dress,Dresses,Pink,Summer,2012.0,Casual,Sepia Women Pink Dress,images/33225.jpg
37685,Unisex,Accessories,Bags,Backpacks,Black,Summer,2012.0,Casual,American Tourister Unisex Black Backpack,images/37685.jpg
7707,Women,Apparel,Bottomwear,Jeans,Black,Fall,2011.0,Casual,Jealous 21 Women's Abbie Black Jegging,images/7707.jpg
51497,Women,Apparel,Bottomwear,Jeans,Navy Blue,Summer,2012.0,Casual,Denizen Women Navy Blue Jeans,images/51497.jpg
19318,Unisex,Accessories,Bags,Backpacks,Blue,Fall,2011.0,Casual,Nike Unisex Classic Base Blue Backpack,images/19318.jpg
16162,Men,Footwear,Sandal,Sandals,Black,Fall,2011.0,Casual,Enroute Men Leather Black Sandals,images/16162.jpg
19916,Unisex,Accessories,Bags,Backpacks,Black,Winter,2015.0,Casual,Wildcraft Unisex Black & Grey Printed Laptop Backpack,images/19916.jpg
46612,Women,Footwear,Shoes,Heels,Brown,Winter,2012.0,Casual,Catwalk Women Brown Wedges,images/46612.jpg
27625,Men,Apparel,Bottomwear,Shorts,Grey,Summer,2012.0,Casual,Scullers Men Grey Shorts,images/27625.jpg
30692,Women,Footwear,Shoes,Heels,Brown,Winter,2015.0,Casual,Catwalk Women Brown Heels,images/30692.jpg
11347,Men,Apparel,Bottomwear,Jeans,Blue,Summer,2017.0,Casual,Lee Men Elvira Rinse Blue Chicago Fit Jeans,images/11347.jpg
5262,Unisex,Accessories,Bags,Backpacks,Blue,Winter,2015.0,Casual,Wildcraft Unisex Blue & Grey Printed Backpack,images/5262.jpg
8925,Men,Accessories,Belts,Belts,Black,Summer,2012.0,Casual,Puma Men High Shine Black Belt,images/8925.jpg
16506,Men,Apparel,Bottomwear,Jeans,Blue,Fall,2011.0,Casual,Locomotive Men Washed Blue Jeans,images/16506.jpg
28209,Men,Accessories,Eyewear,Sunglasses,Black,Winter,2016.0,Casual,Ray-Ban Men High Street Black Sunglasses,images/28209.jpg
8119,Men,Accessories,Belts,Belts,Grey,Winter,2016.0,Casual,Fastrack Men Canvas Red Stitches Grey Belts,images/8119.jpg
33473,Women,Accessories,Belts,Belts,Brown,Summer,2012.0,Casual,Baggit Women Choti Jhuti Brown Belt,images/33473.jpg
20858,Women,Accessories,Eyewear,Sunglasses,Olive,Winter,2016.0,Casual,United Colors of Benetton Women Casual Olive Sunglasses,images/20858.jpg
40181,Men,Accessories,Eyewear,Sunglasses,Grey,Winter,2016.0,Casual,Fastrack Men Revo Coated Sporty Wrap Sunglasses,images/40181.jpg
57136,Women,Apparel,Bottomwear,Trousers,Black,Summer,2012.0,Casual,Elle Women Black Trousers,images/57136.jpg
5606,Men,Footwear,Sandal,Sandals,Black,Summer,2011.0,Casual,ADIDAS Men Kendall Black Floater,images/5606.jpg
44521,Men,Footwear,Sandal,Sandals,Black,Summer,2012.0,Casual,Coolers Men Black Sandals,images/44521.jpg
57304,Women,Footwear,Shoes,Heels,Brown,Winter,2012.0,Casual,Rocia Women Brown Wedges,images/57304.jpg
33641,Men,Footwear,Flip Flops,Flip Flops,Black,Summer,2012.0,Casual,Lotto Men Black Koro G Slippers,images/33641.jpg
25724,Men,Accessories,Belts,Belts,Brown,Summer,2012.0,Casual,Wrangler Men Leather Brown Belt,images/25724.jpg
44713,Men,Footwear,Flip Flops,Flip Flops,Black,Summer,2012.0,Casual,Lotto Men Black Flip Flops,images/44713.jpg
36333,Men,Accessories,Socks,Socks,White,Summer,2016.0,Casual,Playboy Men White & Red Socks,images/36333.jpg
46044,Women,Accessories,Jewellery,Earrings,Gold,Winter,2016.0,Casual,Estelle Gold Earrings,images/46044.jpg
16734,Men,Footwear,Flip Flops,Flip Flops,Maroon,Fall,2011.0,Casual,Lotto Men Emeriti Maroon Slipper,images/16734.jpg
49830,Women,Footwear,Flip Flops,Flip Flops,Pink,Winter,2012.0,Casual,iPanema Women Pink Flip Flops,images/49830.jpg
47196,Men,Footwear,Sandal,Sandals,Brown,Summer,2012.0,Casual,Franco Leone Men Brown Sandals,images/47196.jpg
12394,Men,Accessories,Socks,Socks,Black,Summer,2016.0,Formal,Reid & Taylor Men Solid Black Socks,images/12394.jpg
46878,Men,Accessories,Socks,Socks,Black,Summer,2012.0,Casual,Lino Perros Men Pack of 2 Socks,images/46878.jpg
31116,Boys,Apparel,Bottomwear,Shorts,Grey,Summer,2012.0,Casual,Gini and Jony Boys Grey Shorts,images/31116.jpg
2611,Women,Footwear,Shoes,Heels,Gold,Winter,2012.0,Casual,Carlton London Women Stylish Gold Flats,images/2611.jpg
13246,Men,Apparel,Bottomwear,Jeans,Blue,Fall,2011.0,Casual,Palm Tree Kids Boy Washed Blue Jeans,images/13246.jpg
23473,Men,Accessories,Scarves,Scarves,Red,Winter,2015.0,Casual,Lino Perros Men Red Check Scarf,images/23473.jpg
17646,Unisex,Footwear,Flip Flops,Flip Flops,Green,Spring,2013.0,Casual,Converse Unisex Green Flip Flops,images/17646.jpg
36393,Men,Accessories,Socks,Socks,Blue,Summer,2016.0,Casual,Reid & Taylor Men Blue Socks,images/36393.jpg
21324,Men,Accessories,Eyewear,Sunglasses,Brown,Winter,2016.0,Casual,Louis Philippe Men Aviator Sunglasses LP201-C1,images/21324.jpg
15111,Men,Apparel,Bottomwear,Trousers,Coffee Brown,Fall,2011.0,Formal,Arrow Men Stripes Coffee Brown Trousers,images/15111.jpg
38209,Women,Accessories,Eyewear,Sunglasses,Silver,Winter,2016.0,Casual,Polaroid Women Sunglasses,images/38209.jpg
40313,Unisex,Footwear,Sandal,Sandals,White,Winter,2013.0,Casual,Warner Bros Kids White sandals,images/40313.jpg
24656,Boys,Accessories,Socks,Socks,White,Fall,2011.0,Casual,ADIDAS Originals Boys White Pack of 3 Casual Socks,images/24656.jpg
44581,Men,Apparel,Bottomwear,Jeans,Navy Blue,Summer,2017.0,Casual,Lee Rinse Navy Blue Slim Fit Jeans,images/44581.jpg
15323,Men,Apparel,Topwear,Jackets,Grey,Fall,2011.0,Casual,Nike Men Solid Grey Jacket,images/15323.jpg
56878,Women,Footwear,Shoes,Heels,Silver,Winter,2012.0,Casual,HM Women Silver Heels,images/56878.jpg
40121,Unisex,Accessories,Socks,Socks,White,Summer,2012.0,Casual,ADIDAS Unisex Pack of 3 Socks,images/40121.jpg
51261,Men,Accessories,Belts,Belts,Black,Summer,2013.0,Formal,Park Avenue Men Black & Brown Reversible Belt,images/51261.jpg
47304,Women,Accessories,Bags,Clutches,Green,Summer,2012.0,Casual,Baggit Women Green purse,images/47304.jpg
21572,Men,Accessories,Socks,Socks,Multi,Winter,2015.0,Casual,Lino Perros Men Pack of Five Striped Socks,images/21572.jpg
14695,Men,Apparel,Bottomwear,Trousers,Black,Fall,2011.0,Casual,Basics Men Black Trousers,images/14695.jpg
32165,Women,Accessories,Socks,Socks,Pink,Summer,2017.0,Casual,Playboy Women Playmate Pink Ankle Socks,images/32165.jpg
1662,Men,Apparel,Topwear,Jackets,Navy Blue,Fall,2012.0,Sports,Nike Men Blue Windrunner Jacket,images/1662.jpg
48728,Women,Accessories,Jewellery,Earrings,Silver,Summer,2015.0,Casual,Lucera Women Silver Earrings,images/48728.jpg
3135,Women,Footwear,Shoes,Heels,Gold,Winter,2015.0,Casual,Catwalk Women Heeded Golden Strap Black Heels,images/3135.jpg
17010,Women,Footwear,Shoes,Heels,Brown,Winter,2012.0,Formal,Rocia Women Brown Heels,images/17010.jpg
18864,Men,Apparel,Topwear,Sweatshirts,Black,Fall,2011.0,Casual,Puma Men Sports Division Black Sweatshirt,images/18864.jpg
6447,Women,Footwear,Flip Flops,Flip Flops,Black,Summer,2011.0,Casual,Lotto Women's Cross Color Black Pink Flip Flop,images/6447.jpg
51605,Women,Apparel,Bottomwear,Trousers,Black,Fall,2012.0,Casual,Kraus Jeans Women Black Trousers,images/51605.jpg
54145,Women,Footwear,Shoes,Heels,Brown,Spring,2013.0,Casual,Rocia Women Brown Flats,images/54145.jpg
12750,Unisex,Accessories,Bags,Backpacks,Black,Summer,2012.0,Sports,Nike Unisex Swoosh Black Backpacks,images/12750.jpg
47552,Women,Footwear,Shoes,Heels,Brown,Winter,2012.0,Casual,Portia Women Brown Heels,images/47552.jpg
17222,Men,Accessories,Eyewear,Sunglasses,Blue,Winter,2016.0,Casual,United Colors of Benetton Men Funky Eyewear Blue Sunglasses,images/17222.jpg
35172,Unisex,Accessories,Bags,Backpacks,Red,Summer,2015.0,Casual,Wildcraft Unisex Cruiser Red Backpack,images/35172.jpg
40777,Men,Footwear,Flip Flops,Flip Flops,White,Summer,2012.0,Casual,Quiksilver Men White Flip Flops,images/40777.jpg
21586,Men,Apparel,Bottomwear,Jeans,Grey,Summer,2011.0,Casual,Locomotive Men Washed Grey Jeans,images/21586.jpg
20454,Women,Accessories,Belts,Belts,Teal,Winter,2015.0,Casual,Baggit Women Poppins Doko Teal Blue Belt,images/20454.jpg
52848,Women,Accessories,Jewellery,Earrings,Green,Summer,2012.0,Casual,Adrika Women Green Earrings,images/52848.jpg
39579,Women,Footwear,Shoes,Heels,Multi,Winter,2015.0,Casual,Catwalk Women Multi Colour Flats,images/39579.jpg
25126,Women,Accessories,Bags,Clutches,Black,Winter,2015.0,Casual,Lino Perros Women Black Clutch,images/25126.jpg
57506,Men,Footwear,Sandal,Sandals,Brown,Summer,2013.0,Casual,Lee Cooper Men Brown Sandals,images/57506.jpg
31714,Women,Accessories,Jewellery,Earrings,Silver,Winter,2016.0,Ethnic,Fabindia Women Anusuya Silver Earrings,images/31714.jpg
50723,Girls,Apparel,Dress,Dresses,Blue,Summer,2012.0,Casual,Doodle Girls Blue Printed Dress,images/50723.jpg
2221,Unisex,Accessories,Bags,Backpacks,Blue,Summer,2011.0,Sports,ADIDAS Classic Blue White Backpack,images/2221.jpg
26591,Men,Footwear,Flip Flops,Flip Flops,Red,Summer,2012.0,Casual,Puma Men Aqua Cat II Power Red Flip Flops,images/26591.jpg
35186,Unisex,Accessories,Bags,Backpacks,Grey,Spring,2013.0,Casual,Wildcraft Unisex Grey & Black Backpack,images/35186.jpg
14453,Women,Footwear,Shoes,Heels,Black,Summer,2012.0,Casual,Enroute Women Casual Black Flats,images/14453.jpg
5004,Women,Apparel,Bottomwear,Skirts,Blue,Summer,2011.0,Casual,Gini and Jony Girl's Delma Blue Kidswear,images/5004.jpg
11121,Women,Accessories,Headwear,Caps,Blue,Fall,2011.0,Casual,Puma Women Minicats Knit Blue Cap,images/11121.jpg
33271,Girls,Apparel,Bottomwear,Skirts,Red,Summer,2012.0,Casual,Gini and Jony Girls Red Skirt,images/33271.jpg
40783,Men,Footwear,Flip Flops,Flip Flops,Black,Summer,2012.0,Casual,Quiksilver Men Black Flip Flops,images/40783.jpg
27027,Women,Apparel,Bottomwear,Shorts,Blue,Summer,2012.0,Casual,Jealous 21 Women Blue Shorts,images/27027.jpg
43562,Men,Accessories,Socks,Socks,White,Summer,2012.0,Casual,Puma Men White Pack of 3 Socks,images/43562.jpg
50949,Women,Apparel,Bottomwear,Jeans,Navy Blue,Summer,2013.0,Casual,Lee Women Navy Blue Roxy Fit Jeans,images/50949.jpg
23487,Men,Accessories,Scarves,Scarves,Grey,Summer,2012.0,Casual,Arrow Men Grey Scarf,images/23487.jpg
58318,Men,Accessories,Socks,Socks,White,Summer,2016.0,Sports,Jockey LCESCBRA Men White Pack of 3 Socks 2004,images/58318.jpg
20202,Men,Apparel,Topwear,Sweatshirts,Grey,Fall,2011.0,Casual,Wrangler Men Glow Grey Sweatshirt,images/20202.jpg
41007,Girls,Apparel,Bottomwear,Shorts,Navy Blue,Summer,2012.0,Casual,Gini and Jony Girls Woven Navy Blue Shorts,images/41007.jpg
55635,Women,Footwear,Shoes,Heels,Gold,Winter,2015.0,Casual,Catwalk Women Gold Heels,images/55635.jpg
27215,Men,Apparel,Bottomwear,Shorts,Blue,Summer,2012.0,Casual,Doodle Kids Boy Striped Blue Shorts,images/27215.jpg
7105,Unisex,Accessories,Bags,Backpacks,Green,Winter,2015.0,Casual,Wildcraft Unisex Green Backpack,images/7105.jpg
10804,Men,Footwear,Flip Flops,Flip Flops,White,Fall,2011.0,Casual,Wrangler Men Rider Solid White Shirts,images/10804.jpg
40748,Women,Footwear,Flip Flops,Flip Flops,Pink,Winter,2012.0,Casual,Roxy Women Pink Flip Flops,images/40748.jpg
48525,Women,Apparel,Dress,Dresses,White,Summer,2012.0,Casual,French Connection Women White & Blue  Striped Dress,images/48525.jpg
48717,Women,Accessories,Jewellery,Earrings,Silver,Summer,2012.0,Casual,Lucera Women Silver Earrings,images/48717.jpg
6478,Men,Apparel,Topwear,Jackets,Grey,Summer,2011.0,Casual,ADIDAS Men Top Grey Jacket,images/6478.jpg
33088,Women,Footwear,Shoes,Heels,Gold,Winter,2015.0,Casual,Catwalk Women Gold Flats,images/33088.jpg
30269,Men,Accessories,Eyewear,Sunglasses,Brown,Summer,2017.0,Casual,Speedo Men Sheet Sunglasses,images/30269.jpg
6820,Women,Footwear,Flip Flops,Flip Flops,Green,Summer,2011.0,Casual,Timberland Women's Estela Umbrella Green Flip Flop,images/6820.jpg
28296,Men,Accessories,Eyewear,Sunglasses,Black,Winter,2016.0,Casual,Fastrack Men Sunglasses,images/28296.jpg
57995,Women,Apparel,Dress,Dresses,Black,Fall,2012.0,Casual,Latin Quarters Women & White Black Dress,images/57995.jpg
40922,Boys,Apparel,Topwear,Jackets,Blue,Summer,2012.0,Casual,Gini and Jony Boys Rodeo Blue Jacket,images/40922.jpg
38838,Women,Apparel,Dress,Dresses,Pink,Fall,2012.0,Casual,Latin Quarters Women Pink & Black Printed Dress,images/38838.jpg
59033,Women,Footwear,Shoes,Heels,Black,Winter,2012.0,Casual,Carlton London Women Black Heels,images/59033.jpg
56847,Men,Apparel,Bottomwear,Jeans,Blue,Summer,2012.0,Casual,John Players Men Blue Jeans,images/56847.jpg
38236,Unisex,Accessories,Eyewear,Sunglasses,Black,Winter,2016.0,Casual,Polaroid Unisex Sunglasses,images/38236.jpg
29176,Boys,Apparel,Bottomwear,Shorts,Khaki,Summer,2012.0,Casual,United Colors of Benetton Boys Khaki Shorts,images/29176.jpg
35529,Girls,Footwear,Sandal,Sandals,Orange,Summer,2012.0,Casual,Enroute Teens Orange Sandals,images/35529.jpg
17679,Women,Footwear,Shoes,Heels,Pink,Winter,2015.0,Casual,Catwalk Women Buckel Pink Flats,images/17679.jpg
19525,Men,Apparel,Topwear,Sweaters,Grey,Fall,2011.0,Casual,United Colors of Benetton Men Check Grey Sweater,images/19525.jpg
8172,Women,Footwear,Shoes,Heels,Blue,Winter,2015.0,Casual,Catwalk Women Slim Casual Beige Wedges,images/8172.jpg
48387,Men,Apparel,Bottomwear,Jeans,Blue,Summer,2012.0,Casual,French Connection Men Blue Jeans,images/48387.jpg
37884,Unisex,Accessories,Socks,Socks,Black,Summer,2016.0,Casual,Happy Socks Unisex Black Socks,images/37884.jpg
39122,Women,Apparel,Bottomwear,Leggings,Blue,Fall,2012.0,Casual,Aneri Women Blue Leggings,images/39122.jpg
58327,Women,Footwear,Flip Flops,Flip Flops,Lavender,Summer,2012.0,Casual,Lotto Women Lavender Flip Flops,images/58327.jpg
14834,Men,Accessories,Belts,Belts,Black,Summer,2011.0,Casual,United Colors of Benetton Men Solid Black Belts,images/14834.jpg
46813,Girls,Apparel,Bottomwear,Skirts,Pink,Summer,2012.0,Casual,Gini and Jony Girls Pink Skirt,images/46813.jpg
27018,Women,Apparel,Bottomwear,Jeans,Blue,Summer,2012.0,Casual,Jealous 21 Women Washed Blue Jeans,images/27018.jpg
19141,Men,Footwear,Sandal,Sandals,Black,Fall,2011.0,Casual,Lotto Men Revorb Black Sandals,images/19141.jpg
49631,Women,Apparel,Dress,Dresses,Cream,Summer,2012.0,Casual,Mineral Cream Dress,images/49631.jpg
8516,Unisex,Accessories,Bags,Backpacks,Black,Summer,2011.0,Sports,Nike Unisex Ultimatum Max Black Backpacks,images/8516.jpg
16109,Men,Accessories,Eyewear,Sunglasses,Brown,Winter,2016.0,Casual,M tv Men My Fab Eyewear Brown Sunglasses,images/16109.jpg
58571,Men,Apparel,Bottomwear,Shorts,Black,Summer,2012.0,Casual,Puma Men Black Shorts,images/58571.jpg
39546,Men,Footwear,Flip Flops,Flip Flops,Yellow,Summer,2012.0,Casual,Numero Uno Men Yellow Flip Flops,images/39546.jpg
25119,Women,Accessories,Bags,Clutches,Black,Winter,2015.0,Casual,Lino Perros Women Gems Black Clutch,images/25119.jpg
57539,Men,Accessories,Belts,Belts,Olive,Summer,2010.0,Casual,Flying Machine Men Olive Belt,images/57539.jpg
4787,Men,Apparel,Bottomwear,Shorts,Black,Summer,2011.0,Sports,ADIDAS Men's Bas Esx Black Short,images/4787.jpg
41000,Girls,Apparel,Bottomwear,Shorts,Blue,Summer,2012.0,Casual,Gini and Jony Girls Woven Blue Shorts,images/41000.jpg
55632,Women,Footwear,Shoes,Heels,Black,Winter,2015.0,Casual,Catwalk Women Black Flats,images/55632.jpg
13027,Women,Footwear,Shoes,Heels,Gold,Winter,2012.0,Casual,Inc 5 Women Casual Gold Flats,images/13027.jpg
7102,Unisex,Accessories,Bags,Backpacks,Orange,Winter,2015.0,Casual,Wildcraft Unisex Orange & Grey Backpack,images/7102.jpg
43565,Unisex,Accessories,Bags,Backpacks,Black,Summer,2012.0,Casual,Puma Unisex Black Echo Backpack,images/43565.jpg
27020,Women,Apparel,Bottomwear,Jeans,Navy Blue,Summer,2012.0,Casual,Jealous 21 Women Navy Blue Jeans,images/27020.jpg
7330,Men,Footwear,Sandal,Sandals,Black,Summer,2013.0,Casual,Red Tape Men Strappy Black Floater,images/7330.jpg
23480,Men,Accessories,Scarves,Scarves,Grey,Summer,2012.0,Casual,Arrow Men Grey Check Scarf,images/23480.jpg
20205,Men,Apparel,Topwear,Sweatshirts,Grey,Fall,2011.0,Casual,Wrangler Men Flock Print Grey Sweatshirt,images/20205.jpg
39328,Girls,Apparel,Bottomwear,Shorts,Green,Summer,2012.0,Casual,Gini and Jony Girls Green Shorts,images/39328.jpg
13671,Unisex,Apparel,Bottomwear,Jeans,Blue,Fall,2011.0,Casual,Levis Kids Blue Solid Jean,images/13671.jpg
35181,Unisex,Accessories,Bags,Backpacks,Blue,Summer,2015.0,Casual,Wildcraft Unisex Blue Backpack,images/35181.jpg
15586,Men,Apparel,Topwear,Sweatshirts,Green,Fall,2011.0,Casual,Proline Men Green Printed Sweatshirt,images/15586.jpg
5003,Women,Apparel,Bottomwear,Shorts,Blue,Summer,2011.0,Casual,Gini and Jony Girl's Arella Blue Kidswear,images/5003.jpg
14454,Women,Footwear,Shoes,Heels,Taupe,Summer,2012.0,Casual,Enroute Women Casual Taupe Casual Heels,images/14454.jpg
40784,Men,Footwear,Flip Flops,Flip Flops,Blue,Summer,2012.0,Casual,Quiksilver Men Blue Flip Flops,images/40784.jpg
58549,Women,Accessories,Eyewear,Sunglasses,Black,Winter,2016.0,Casual,Miami Blues Women Sunglasses,images/58549.jpg
25121,Women,Accessories,Bags,Clutches,Black,Winter,2015.0,Casual,Lino Perros Women Gem Ring Black Clutch,images/25121.jpg
57501,Men,Footwear,Sandal,Sandals,Beige,Summer,2012.0,Casual,Lee Cooper Men Light cocoa Sandals,images/57501.jpg
49609,Women,Footwear,Shoes,Heels,Brown,Winter,2015.0,Casual,Catwalk Women Brown Heels,images/49609.jpg
31713,Women,Accessories,Jewellery,Earrings,Silver,Winter,2016.0,Ethnic,Fabindia Women Anusuya Silver Earrings,images/31713.jpg
18897,Women,Apparel,Dress,Dresses,Green,Fall,2011.0,Casual,Arrow Woman Solid Green Dress,images/18897.jpg
50724,Girls,Apparel,Dress,Dresses,Blue,Summer,2012.0,Casual,Doodle Girls Blue Washed Dress,images/50724.jpg
22304,Women,Footwear,Shoes,Heels,Beige,Winter,2012.0,Casual,Inc. 5 Women Casual Beige Heels,images/22304.jpg
54142,Women,Footwear,Shoes,Heels,Beige,Winter,2012.0,Casual,Rocia Women Beige Sandals,images/54142.jpg
17225,Men,Accessories,Eyewear,Sunglasses,Blue,Winter,2016.0,Casual,United Colors of Benetton Men Funky Eyewear Blue Sunglasses,images/17225.jpg
53367,Unisex,Accessories,Bags,Backpacks,Pink,Summer,2012.0,Casual,Puma Unisex Pink Backpack,images/53367.jpg
10000,Women,Apparel,Bottomwear,Skirts,White,Summer,2011.0,Casual,Palm Tree Girls Sp Jace Sko White Skirts,images/10000.jpg
21575,Men,Accessories,Socks,Socks,Multi,Winter,2015.0,Casual,Lino Perros Men Pack of Five Striped Socks,images/21575.jpg
32162,Women,Accessories,Socks,Socks,Black,Summer,2017.0,Casual,Playboy Women Playmate Black Ankle Socks,images/32162.jpg
9408,Women,Accessories,Eyewear,Sunglasses,Blue,Winter,2016.0,Casual,Fastrack Women Sunglasses,images/9408.jpg
18863,Men,Apparel,Topwear,Sweatshirts,Red,Fall,2011.0,Casual,Puma Men Heritage Red Sweatshirt,images/18863.jpg
51602,Women,Apparel,Bottomwear,Jeans,Blue,Fall,2012.0,Casual,Wrangler Women Blue Molly Jeans,images/51602.jpg
44586,Men,Apparel,Bottomwear,Jeans,Blue,Summer,2017.0,Casual,Lee Men Tino Blue Jeans,images/44586.jpg
15324,Men,Apparel,Topwear,Sweatshirts,White,Fall,2011.0,Sports,Nike Men Printed White Sweatshirts,images/15324.jpg
40126,Boys,Apparel,Bottomwear,Shorts,White,Summer,2012.0,Casual,Gini and Jony Boys Boxer White Shorts,images/40126.jpg
32506,Men,Footwear,Sandal,Sandals,Brown,Summer,2013.0,Casual,Franco Leone Men Brown Sandals,images/32506.jpg
49299,Women,Accessories,Socks,Socks,Beige,Summer,2016.0,Casual,Arrow Women Pack Of 5 Socks,images/49299.jpg
6818,Men,Footwear,Flip Flops,Flip Flops,Red,Summer,2011.0,Casual,Timberland Men's Grn Thng Red Flip Flop,images/6818.jpg
30251,Men,Footwear,Flip Flops,Flip Flops,Green,Summer,2013.0,Casual,Numero Uno Men Green Flip Flops,images/30251.jpg
51266,Men,Accessories,Belts,Belts,Black,Summer,2012.0,Casual,Parx Men Black Belt,images/51266.jpg
47303,Women,Accessories,Bags,Clutches,Black,Fall,2012.0,Casual,Baggit Women Black Purse,images/47303.jpg
12333,Women,Apparel,Bottomwear,Jeans,Blue,Fall,2011.0,Casual,Spykar Women Ep Jeans Blue Jeans,images/12333.jpg
35511,Men,Footwear,Flip Flops,Flip Flops,Black,Summer,2012.0,Casual,Bata Men Lite Black Flip Flops,images/35511.jpg
23474,Men,Accessories,Scarves,Scarves,Grey,Winter,2015.0,Casual,Lino Perros Men Grey Check Scarf,images/23474.jpg
15116,Men,Apparel,Bottomwear,Trousers,Grey,Fall,2011.0,Formal,Arrow Men TR Finish Grey Trousers,images/15116.jpg
21323,Men,Accessories,Eyewear,Sunglasses,Black,Winter,2016.0,Casual,Louis Philippe Men Sunglasses LP045-C5,images/21323.jpg
36394,Men,Accessories,Socks,Socks,Blue,Summer,2016.0,Casual,Reid & Taylor Men Reid & Taylor Blue Socks,images/36394.jpg
40314,Unisex,Footwear,Sandal,Sandals,White,Winter,2013.0,Casual,Warner Bros Kids Unisex White sandals,images/40314.jpg
49636,Women,Apparel,Bottomwear,Skirts,Blue,Summer,2012.0,Casual,Mineral Blue & White Skirt,images/49636.jpg
19146,Men,Apparel,Topwear,Sweatshirts,Grey,Summer,2011.0,Casual,United Colors of Benetton Men Solid Grey Sweatshirt,images/19146.jpg
14659,Men,Apparel,Bottomwear,Trousers,Khaki,Fall,2011.0,Casual,Probase Men Solid LT.Khaki Trousers,images/14659.jpg
58320,Men,Accessories,Socks,Socks,White,Summer,2016.0,Sports,Jockey LCESCBRA Men White Pack of 3 Socks 2004,images/58320.jpg
14833,Men,Accessories,Belts,Belts,Brown,Summer,2011.0,Casual,United Colors of Benetton Men Solid Brown Belts,images/14833.jpg
25748,Men,Accessories,Belts,Belts,Brown,Winter,2015.0,Casual,Lino Perros Men Leather Brown Belt,images/25748.jpg
46814,Girls,Apparel,Bottomwear,Skirts,Pink,Summer,2012.0,Casual,Gini and Jony Girls Pink Skirt,images/46814.jpg
19522,Men,Apparel,Topwear,Sweaters,Navy Blue,Fall,2011.0,Casual,United Colors of Benetton Men Check Navy Blue Sweater,images/19522.jpg
48380,Men,Apparel,Bottomwear,Trousers,Black,Summer,2012.0,Casual,French Connection Men Charcoal Trousers,images/48380.jpg
43768,Women,Accessories,Jewellery,Earrings,Black,Summer,2012.0,Casual,Royal Diadem Black Earrings,images/43768.jpg
8949,Men,Apparel,Bottomwear,Trousers,Grey,Fall,2011.0,Formal,Indigo Nation Men ID Printed Grey Trousers,images/8949.jpg
13824,Men,Accessories,Headwear,Caps,Maroon,Fall,2011.0,Casual,Proline Men White & Maroon Colourblocked Beanie,images/13824.jpg
58112,Women,Accessories,Jewellery,Earrings,Brown,Fall,2012.0,Casual,Rreverie Dark Brown & Turquoise Earrings,images/58112.jpg
37883,Unisex,Accessories,Socks,Socks,Multi,Summer,2016.0,Casual,Happy Socks Unisex Multi Color Socks,images/37883.jpg
39125,Women,Apparel,Bottomwear,Leggings,Purple,Fall,2012.0,Casual,Aneri Women Purple Leggings,images/39125.jpg
15129,Men,Apparel,Bottomwear,Trousers,Grey,Fall,2011.0,Casual,Arrow Sport Men Solid DK.Grey Trousers,images/15129.jpg
38231,Women,Accessories,Eyewear,Sunglasses,Black,Winter,2016.0,Casual,Polaroid Women Sunglasses,images/38231.jpg
26139,Men,Apparel,Bottomwear,Trousers,Grey,Summer,2012.0,Formal,John Miller Men Grey Trousers,images/26139.jpg
29171,Girls,Apparel,Bottomwear,Skirts,Blue,Summer,2012.0,Casual,United Colors of Benetton Kids Girls Washed Blue Skirt,images/29171.jpg
3569,Men,Footwear,Sandal,Sandals,Brown,Summer,2011.0,Casual,ADIDAS Mens Lightbone Brown Sandal,images/3569.jpg
51259,Men,Accessories,Belts,Belts,Black,Summer,2012.0,Formal,Park Avenue Men Black Belt,images/51259.jpg
28291,Men,Accessories,Eyewear,Sunglasses,Black,Winter,2016.0,Casual,Fastrack Men Black Sunglasses,images/28291.jpg
40925,Boys,Apparel,Bottomwear,Jeans,Blue,Summer,2012.0,Casual,Gini and Jony Boys Comics Blue Jeans,images/40925.jpg
37877,Unisex,Accessories,Socks,Socks,Cream,Summer,2016.0,Casual,Happy Socks Unisex Cream Socks,images/37877.jpg
48710,Women,Accessories,Jewellery,Earrings,Silver,Summer,2013.0,Casual,Lucera Women Silver Earrings,images/48710.jpg
9437,Unisex,Accessories,Bags,Backpacks,Black,Fall,2012.0,Casual,Nike Unisex Brasilia 5 Me Black Backpacks,images/9437.jpg
21778,Men,Accessories,Belts,Belts,Brown,Fall,2011.0,Casual,Fossil Men Maxim Brown Belt,images/21778.jpg
53358,Men,Accessories,Belts,Belts,Black,Summer,2012.0,Casual,Puma Men Black Twinkle Belt,images/53358.jpg
48522,Women,Apparel,Dress,Jumpsuit,Blue,Winter,2011.0,Casual,French Connection Women Blue Jumpsuit,images/48522.jpg
36732,Women,Apparel,Bottomwear,Jeans,Blue,Summer,2012.0,Casual,Spykar Women Liana Blue Jeans,images/36732.jpg
34065,Girls,Apparel,Dress,Dresses,Black,Summer,2012.0,Casual,Gini and Jony Girls Black Dress,images/34065.jpg
16107,Women,Accessories,Eyewear,Sunglasses,Black,Winter,2016.0,Casual,M tv Women My Fab Eyewear Black Sunglasses,images/16107.jpg
19973,Men,Accessories,Headwear,Caps,Grey,Fall,2011.0,Casual,United Colors of Benetton Men Solid Grey Cap,images/19973.jpg
25117,Women,Accessories,Bags,Clutches,Pink,Winter,2015.0,Casual,Lino Perros Women Beaded Pink Clutch,images/25117.jpg
27224,Women,Apparel,Dress,Dresses,White,Summer,2012.0,Casual,Doodle Kids Girl Printed White Dress,images/27224.jpg
9892,Men,Apparel,Bottomwear,Trousers,White,Fall,2011.0,Formal,Indian Terrain Men Laffer Off-White Trousers,images/9892.jpg
44544,Men,Footwear,Sandal,Sandals,Black,Summer,2012.0,Casual,Coolers Men Black Sandals,images/44544.jpg
4583,Unisex,Accessories,Bags,Backpacks,Grey,Winter,2015.0,Casual,Wildcraft Unisex Grey Backpack,images/4583.jpg
5451,Men,Apparel,Bottomwear,Shorts,Blue,Summer,2011.0,Sports,Nike Men's Tempo Blue Short,images/5451.jpg
20233,Women,Apparel,Topwear,Sweaters,Red,Fall,2011.0,Casual,Wrangler Women Felt Grey Sweater,images/20233.jpg
43553,Men,Accessories,Headwear,Caps,Black,Summer,2012.0,Casual,Puma Men Black Complete Running Cap,images/43553.jpg
13223,Men,Apparel,Bottomwear,Shorts,Blue,Fall,2011.0,Casual,Palm Tree Kids Boys Washed Blue Shorts,images/13223.jpg
27016,Women,Apparel,Bottomwear,Jeans,Blue,Summer,2012.0,Casual,Jealous 21 Women Washed Blue Jeans,images/27016.jpg
7306,Women,Apparel,Dress,Dresses,White,Summer,2011.0,Casual,UCB Women's Sleeveless Off White Dress,images/7306.jpg
16751,Women,Accessories,Bags,Clutches,Copper,Winter,2015.0,Casual,Spice Art Women Copper Leartherite Multi Clutch,images/16751.jpg
30267,Men,Accessories,Eyewear,Sunglasses,Brown,Summer,2017.0,Casual,Speedo Men Sheet Sunglasses,images/30267.jpg
43795,Women,Accessories,Jewellery,Earrings,Gold,Summer,2012.0,Ethnic,Royal Diadem Magenta Earrings,images/43795.jpg
28298,Men,Accessories,Eyewear,Sunglasses,Black,Winter,2016.0,Casual,Fastrack Men Sunglasses,images/28298.jpg
56849,Men,Apparel,Bottomwear,Jeans,Navy Blue,Fall,2012.0,Casual,John Players Men Navy Regular Fit Jeans,images/56849.jpg
38836,Women,Apparel,Dress,Dresses,Blue,Summer,2012.0,Casual,Latin Quarters Women Blue Dress,images/38836.jpg
10660,Women,Apparel,Bottomwear,Shorts,Blue,Fall,2011.0,Casual,Doodle Girl Hot shorts ice wash Blue Shorts,images/10660.jpg
15120,Men,Apparel,Bottomwear,Trousers,Charcoal,Fall,2011.0,Formal,Arrow Men Wooltouch Charcoal Trousers,images/15120.jpg
21315,Women,Accessories,Eyewear,Sunglasses,Black,Winter,2016.0,Casual,Celine Dion Women Black Frame Sunglasses,images/21315.jpg
38238,Men,Accessories,Eyewear,Sunglasses,Black,Winter,2016.0,Casual,Polaroid Men Sunglasses,images/38238.jpg
22590,Men,Apparel,Bottomwear,Shorts,Grey,Fall,2011.0,Sports,Nike Men Solid Grey Shorts,images/22590.jpg
29178,Women,Apparel,Bottomwear,Jeans,Blue,Summer,2012.0,Casual,United Colors of Benetton Women Washed Blue Jeans,images/29178.jpg
40746,Women,Accessories,Headwear,Caps,Black,Winter,2012.0,Casual,Roxy Women Black Cap,images/40746.jpg
42011,Men,Footwear,Sandal,Sandals,Grey,Summer,2015.0,Casual,Estd. 1977 Men Grey Sandals,images/42011.jpg
17213,Women,Accessories,Eyewear,Sunglasses,Purple,Winter,2016.0,Casual,United Colors of Benetton Women Funky Eyewear Purple Sunglasses,images/17213.jpg
54948,Men,Apparel,Topwear,Sweatshirts,Grey Melange,Summer,2012.0,Casual,Do u speak green Men Grey Sweatshirt,images/54948.jpg
54346,Men,Accessories,Socks,Socks,Black,Summer,2016.0,Casual,Levis Men 3 Pair Of Socks,images/54346.jpg
30603,Boys,Apparel,Bottomwear,Shorts,Maroon,Summer,2012.0,Sports,Nike Boys Basketball Red Shorts,images/30603.jpg
56411,Men,Footwear,Sandal,Sandals,Brown,Spring,2013.0,Casual,GAS Men Brown Savana Sandals,images/56411.jpg
50947,Women,Apparel,Bottomwear,Jeans,Blue,Summer,2013.0,Casual,Lee Womens Blue Jeggings,images/50947.jpg
27815,Men,Accessories,Belts,Belts,Brown,Summer,2013.0,Casual,Bulchee Men Brown And Black Reversible Belt,images/27815.jpg
58316,Men,Accessories,Socks,Socks,White,Summer,2016.0,Sports,Jockey LCESCBRA Men White Pack of 3 Socks 2004,images/58316.jpg
41009,Girls,Apparel,Bottomwear,Jeans,Navy Blue,Summer,2012.0,Casual,Gini and Jony Girls Woven Navy Blue Jeans,images/41009.jpg
13812,Men,Apparel,Topwear,Sweaters,Navy Blue,Fall,2011.0,Casual,Proline Navy Striped Sweater,images/13812.jpg
58540,Men,Accessories,Eyewear,Sunglasses,Grey,Winter,2016.0,Casual,Miami Blues Men Sunglasses,images/58540.jpg
25914,Women,Apparel,Bottomwear,Leggings,Olive,Summer,2012.0,Casual,Femella Women Olive Leggings,images/25914.jpg
57508,Men,Footwear,Sandal,Sandals,Brown,Summer,2012.0,Casual,Lee Cooper Men Brown Sandals,images/57508.jpg
44923,Men,Apparel,Bottomwear,Jeans,Blue,Summer,2012.0,Casual,Jack & Jones Men Blue Jeans,images/44923.jpg
25128,Women,Accessories,Bags,Clutches,Silver,Winter,2015.0,Casual,Lino Perros Women Gems Silver Clutch,images/25128.jpg
52846,Women,Accessories,Jewellery,Earrings,White,Summer,2012.0,Casual,Adrika White Earrings,images/52846.jpg
8527,Men,Footwear,Sandal,Sandals,Black,Summer,2011.0,Casual,Nike Men Nike air embark Black Sandals,images/8527.jpg
2821,Men,Footwear,Sandal,Sandals,Brown,Summer,2012.0,Formal,Lee Cooper Men Formal Leather Brown Sandal,images/2821.jpg
19342,Women,Apparel,Topwear,Jackets,Black,Fall,2011.0,Casual,United Colors of Benetton Women Solid Black Jacket,images/19342.jpg
35188,Women,Accessories,Bags,Backpacks,Pink,Spring,2013.0,Casual,Wildcraft Women Pink Backpack,images/35188.jpg
28405,Men,Accessories,Eyewear,Sunglasses,Black,Winter,2016.0,Casual,Idee Men Black Sunglasses,images/28405.jpg
39745,Boys,Apparel,Bottomwear,Shorts,Blue,Summer,2012.0,Casual,Gini Jony Boys Blue Shorts,images/39745.jpg
24832,Unisex,Accessories,Bags,Backpacks,Blue,Winter,2015.0,Casual,Wildcraft Unisex Blue & Black Backpack,images/24832.jpg
15749,Men,Apparel,Bottomwear,Trousers,Navy Blue,Fall,2011.0,Casual,Highlander Men Solid Navy Blue Trousers,images/15749.jpg
48726,Women,Accessories,Jewellery,Earrings,Silver,Summer,2015.0,Casual,Lucera Women Silver Earrings,images/48726.jpg
31984,Unisex,Accessories,Bags,Backpacks,Black,Summer,2012.0,Casual,ADIDAS Unisex Black Backpack,images/31984.jpg
15923,Unisex,Accessories,Bags,Backpacks,Black,Fall,2011.0,Casual,ADIDAS Unisex ADP1810 Black Backpack,images/15923.jpg
24658,Men,Accessories,Socks,Socks,Pink,Fall,2011.0,Casual,ADIDAS Originals Men Pink Casual Socks,images/24658.jpg
38207,Women,Accessories,Eyewear,Sunglasses,Silver,Winter,2016.0,Casual,Polaroid Women Sunglasses,images/38207.jpg
18432,Unisex,Accessories,Bags,Backpacks,Pink,Fall,2011.0,Casual,Vital Gear Unisex Pink Daypack Backpack,images/18432.jpg
49290,Men,Accessories,Socks,Socks,Black,Summer,2016.0,Casual,Arrow Men Black Pack of 5 Plating Design Socks,images/49290.jpg
9439,Unisex,Accessories,Bags,Backpacks,Blue,Spring,2013.0,Casual,Nike Unisex Brasilia 5 Me Blue Backpacks,images/9439.jpg
54341,Men,Accessories,Socks,Socks,Black,Summer,2016.0,Casual,Levis Men Pack of 3 Socks,images/54341.jpg
24204,Men,Apparel,Bottomwear,Jeans,Blue,Summer,2012.0,Casual,Deni Yo Men Skinny Fit Blue Jeans,images/24204.jpg
35144,Women,Accessories,Bags,Clutches,Black,Summer,2012.0,Casual,Allen Solly Woman Black Clutch,images/35144.jpg
17214,Women,Accessories,Eyewear,Sunglasses,Black,Winter,2016.0,Casual,United Colors of Benetton Women Funky Eyewear Black Sunglasses,images/17214.jpg
21312,Women,Accessories,Eyewear,Sunglasses,Brown,Winter,2016.0,Casual,Celine Dion Women Brown Frame Sunglasses,images/21312.jpg
15127,Men,Apparel,Bottomwear,Trousers,Brown,Fall,2012.0,Casual,Arrow Sport Men Solid  Brown Trousers,images/15127.jpg
24660,Men,Accessories,Socks,Socks,Pink,Fall,2011.0,Casual,ADIDAS Originals Men Pink Casual Socks,images/24660.jpg
31180,Girls,Apparel,Bottomwear,Leggings,White,Summer,2012.0,Casual,Gini and Jony Kids Leggings,images/31180.jpg
43792,Women,Accessories,Jewellery,Earrings,Gold,Summer,2012.0,Ethnic,Royal Diadem Gold & Pink Earrings,images/43792.jpg
51257,Men,Accessories,Belts,Belts,Black,Spring,2013.0,Formal,Park Avenue Men Black & Brown Reversible Belt,images/51257.jpg
21120,Men,Apparel,Topwear,Sweaters,Purple,Fall,2011.0,Casual,s.Oliver Men Solid Purple Sweater,images/21120.jpg
37879,Unisex,Accessories,Socks,Socks,Black,Summer,2016.0,Casual,Happy Socks Unisex Black Socks,images/37879.jpg
4584,Unisex,Accessories,Bags,Backpacks,Red,Winter,2015.0,Casual,Wildcraft Unisex Red Backpack,images/4584.jpg
5456,Men,Apparel,Bottomwear,Shorts,Navy Blue,Summer,2011.0,Sports,Nike Men's Basic Woven Med Blue Short,images/5456.jpg
25746,Men,Accessories,Belts,Belts,Black,Winter,2015.0,Casual,Lino Perros Men Leather Black Belt,images/25746.jpg
39319,Boys,Apparel,Bottomwear,Shorts,Beige,Summer,2012.0,Casual,Gini and Jony Boys Beige Shorts,images/39319.jpg
13224,Men,Apparel,Topwear,Sweatshirts,Blue,Fall,2011.0,Casual,Palm Tree Kids Boys Printed Blue Sweatshirts,images/13224.jpg
43554,Women,Accessories,Socks,Socks,Cream,Summer,2012.0,Casual,Puma Women Cream Socks,images/43554.jpg
27223,Women,Apparel,Dress,Dresses,Blue,Summer,2012.0,Casual,Doodle Kids Girl Printed Blue Dress,images/27223.jpg
8947,Men,Apparel,Bottomwear,Trousers,Grey,Fall,2011.0,Casual,Indigo Nation Men ID Printed Grey Trousers,images/8947.jpg
31722,Women,Accessories,Jewellery,Earrings,Silver,Winter,2016.0,Ethnic,Fabindia Women Anusuya Silver Earrings,images/31722.jpg
43302,Women,Apparel,Dress,Dresses,Purple,Summer,2012.0,Casual,United Colors of Benetton Women Purple Dress,images/43302.jpg
13472,Women,Apparel,Dress,Dresses,White,Summer,2011.0,Casual,United Colors of Benetton Women Solid White Dress,images/13472.jpg
7557,Men,Apparel,Bottomwear,Shorts,Green,Summer,2011.0,Sports,Nike Men's Tempo 5 Green Short,images/7557.jpg
34250,Men,Apparel,Bottomwear,Shorts,Charcoal,Summer,2013.0,Sports,Proline Charcoal Grey Shorts,images/34250.jpg
14657,Men,Apparel,Bottomwear,Trousers,Grey,Fall,2011.0,Casual,Probase Men Solid DK.Grey Trousers,images/14657.jpg
25110,Women,Accessories,Belts,Belts,Olive,Winter,2015.0,Casual,Lino Perros Women Olive Belts,images/25110.jpg
44315,Men,Apparel,Bottomwear,Trousers,Blue,Summer,2012.0,Casual,Indian Terrain Men Blue Trousers,images/44315.jpg
21782,Men,Accessories,Belts,Belts,Brown,Fall,2011.0,Casual,Fossil Men Edsel Brown Belt,images/21782.jpg
2217,Women,Accessories,Socks,Socks,Pink,Fall,2010.0,Sports,ADIDAS Women Pink Socks,images/2217.jpg
34062,Girls,Apparel,Dress,Dresses,Pink,Summer,2012.0,Casual,Gini and Jony Girls Printed Pink Dress,images/34062.jpg
26934,Women,Apparel,Dress,Dresses,Black,Summer,2012.0,Casual,Jealous 21 Women Black Dress,images/26934.jpg
15118,Men,Apparel,Bottomwear,Trousers,Black,Fall,2013.0,Formal,Arrow Men Stripes Black Trousers,images/15118.jpg
1801,Women,Accessories,Bags,Backpacks,Pink,Summer,2011.0,Sports,Quechua Women 10L Pink Bag,images/1801.jpg
15924,Unisex,Accessories,Bags,Backpacks,Black,Fall,2011.0,Casual,ADIDAS Unisex Ecb Black Backpack,images/15924.jpg
12759,Women,Apparel,Bottomwear,Jeans,Blue,Fall,2011.0,Casual,Spykar Women Washed Blue Jeans,images/12759.jpg
48721,Women,Accessories,Jewellery,Earrings,Silver,Summer,2013.0,Casual,Lucera Women Silver Earrings,images/48721.jpg
2228,Men,Accessories,Socks,Socks,Black,Fall,2010.0,Sports,ADIDAS Men Black Socks,images/2228.jpg
33278,Boys,Apparel,Bottomwear,Jeans,Blue,Summer,2012.0,Casual,Gini and Jony Boys Washed Blue Jeans,images/33278.jpg
25913,Women,Apparel,Bottomwear,Leggings,Blue,Summer,2012.0,Casual,Femella Women Blue Leggings,images/25913.jpg
44924,Men,Apparel,Bottomwear,Jeans,Blue,Summer,2012.0,Casual,Jack & Jones Men Blue Jeans,images/44924.jpg
52841,Women,Accessories,Jewellery,Earrings,Green,Summer,2012.0,Casual,Adrika Green Earrings,images/52841.jpg
16903,Men,Apparel,Topwear,Sweatshirts,Grey,Fall,2011.0,Casual,Status Quo Men Solid Dark Grey Sweatshirt,images/16903.jpg
58123,Women,Accessories,Jewellery,Earrings,Silver,Fall,2012.0,Casual,Rreverie Silver & White Earrings,images/58123.jpg
43759,Women,Accessories,Jewellery,Earrings,Gold,Summer,2012.0,Ethnic,Royal Diadem Black Earrings,images/43759.jpg
8376,Men,Accessories,Bags,Backpacks,Black,Winter,2016.0,Casual,Fastrack Men Black Backpack,images/8376.jpg
16769,Women,Accessories,Bags,Clutches,Silver,Winter,2015.0,Casual,Spice Art Women Shimmer Silver Clutch,images/16769.jpg
58311,Men,Accessories,Socks,Socks,Black,Summer,2016.0,Sports,Jockey LCESCBRA Men Pack of 3 Socks 2004,images/58311.jpg
39326,Girls,Apparel,Bottomwear,Leggings,Black,Summer,2012.0,Casual,Gini and Jony Girls Black Leggings,images/39326.jpg
58140,Women,Accessories,Jewellery,Earrings,Silver,Fall,2012.0,Casual,Rreverie Silver Earrings,images/58140.jpg
41851,Men,Accessories,Socks,Socks,Black,Winter,2015.0,Casual,Genesis Men Pack of 3 Socks,images/41851.jpg
31128,Girls,Apparel,Dress,Dresses,Blue,Summer,2012.0,Casual,Gini and Jony Girls Printed Teal Dress,images/31128.jpg
43508,Women,Apparel,Dress,Dresses,White,Summer,2012.0,Casual,French Connection Women Navy Blue Striped Dress,images/43508.jpg
31914,Women,Accessories,Bags,Clutches,Blue,Summer,2012.0,Casual,Fabindia Women Braided Blue Clutch,images/31914.jpg
19326,Men,Apparel,Topwear,Sweatshirts,Blue,Fall,2011.0,Casual,Myntra Men Solid Blue Sweatshirt,images/19326.jpg
23089,Men,Apparel,Bottomwear,Trousers,Beige,Fall,2011.0,Casual,Arrow Men Beige Trousers,images/23089.jpg
7739,Unisex,Accessories,Headwear,Caps,Grey,Fall,2011.0,Sports,Puma Unisex Stripe Cat Steel Grey Cap,images/7739.jpg
4980,Women,Apparel,Bottomwear,Shorts,Blue,Summer,2011.0,Casual,Palm Tree Girl's Benita Blue Kidswear,images/4980.jpg
33815,Men,Apparel,Bottomwear,Trousers,Black,Summer,2012.0,Formal,Van Heusen Men Classic Pleated Black Trousers,images/33815.jpg
52822,Women,Accessories,Jewellery,Earrings,Red,Fall,2012.0,Ethnic,Adrika Women Red & White Earrings,images/52822.jpg
9491,Unisex,Accessories,Bags,Backpacks,Red,Fall,2011.0,Casual,Puma Unisex Deck Red Backpacks,images/9491.jpg
22369,Men,Apparel,Bottomwear,Trousers,Navy Blue,Fall,2011.0,Casual,Highlander Men Solid Navy Blue Trouser,images/22369.jpg
29781,Men,Apparel,Bottomwear,Trousers,Charcoal,Summer,2013.0,Casual,Basics Men Steel Charcoal Trousers,images/29781.jpg
18200,Women,Apparel,Topwear,Sweaters,Red,Fall,2011.0,Casual,Jealous 21 Women Stripes Red Sweater,images/18200.jpg
8785,Women,Apparel,Topwear,Jackets,Pink,Fall,2011.0,Casual,Lotto Women Cathy Pink Jacket,images/8785.jpg
54913,Men,Apparel,Topwear,Sweatshirts,Beige,Summer,2012.0,Casual,Do u speak green Men Printed Beige Sweatshirt,images/54913.jpg
42876,Women,Accessories,Bags,Clutches,Black,Summer,2012.0,Casual,French Connection Women Black Clutch,images/42876.jpg
38435,Women,Accessories,Bags,Clutches,Black,Summer,2015.0,Casual,Baggit Women Black Purse,images/38435.jpg
48326,Women,Accessories,Bags,Clutches,Maroon,Summer,2012.0,Casual,Pitaraa Women Maroon Purse,images/48326.jpg
6875,Women,Apparel,Dress,Dresses,Black,Summer,2011.0,Casual,Forever New Women's Gold Sleeveless Black Dress,images/6875.jpg
27624,Men,Apparel,Bottomwear,Shorts,Cream,Summer,2012.0,Casual,Scullers Men Cream Shorts,images/27624.jpg
19917,Unisex,Accessories,Bags,Backpacks,Black,Winter,2015.0,Casual,Wildcraft Unisex Black Backpack,images/19917.jpg
11346,Men,Apparel,Bottomwear,Jeans,Blue,Spring,2013.0,Casual,Lee Men Blue Zed Fit Jeans,images/11346.jpg
37684,Unisex,Accessories,Bags,Backpacks,Blue,Summer,2012.0,Casual,American Tourister Unisex Blue Backpack,images/37684.jpg
11174,Men,Apparel,Topwear,Sweaters,Green,Fall,2011.0,Casual,Scullers Men Stripes Green Sweaters,images/11174.jpg
24293,Men,Accessories,Socks,Socks,Grey,Summer,2016.0,Casual,Quiksilver Men High Grey Socks,images/24293.jpg
19319,Unisex,Accessories,Bags,Backpacks,Grey,Fall,2011.0,Casual,Nike Unisex Casual Grey Backpack,images/19319.jpg
36332,Men,Accessories,Socks,Socks,Black,Summer,2016.0,Casual,Playboy Men Black and White Socks,images/36332.jpg
12395,Men,Accessories,Socks,Socks,Blue,Summer,2016.0,Formal,Reid & Taylor Men Solid Blue Socks,images/12395.jpg
46879,Men,Accessories,Socks,Socks,Green,Summer,2012.0,Casual,Lino Perros Men Pack of 2 Socks,images/46879.jpg
13247,Men,Apparel,Bottomwear,Jeans,Blue,Fall,2011.0,Casual,Palm Tree Kids Boy Washed Blue Jeans,images/13247.jpg
46045,Women,Accessories,Jewellery,Earrings,Gold,Winter,2016.0,Casual,Estelle Gold Earrings,images/46045.jpg
34465,Unisex,Accessories,Bags,Backpacks,Black,Summer,2010.0,Casual,ADIDAS Unisex Black BP Tone Backpack,images/34465.jpg
46277,Women,Apparel,Dress,Dresses,Red,Summer,2012.0,Casual,109F Red & White A-Line Dress,images/46277.jpg
16507,Men,Apparel,Bottomwear,Jeans,Blue,Fall,2011.0,Casual,Locomotive Men Washed Blue Jeans,images/16507.jpg
57137,Women,Apparel,Bottomwear,Trousers,Khaki,Summer,2012.0,Casual,Elle Women Khaki Trousers,images/57137.jpg
3736,Unisex,Accessories,Headwear,Caps,Orange,Fall,2010.0,Casual,Lotto Unisex Kochi Tuskers Orange Cap,images/3736.jpg
26154,Men,Apparel,Bottomwear,Trousers,Black,Summer,2012.0,Formal,John Miller Men Black Trousers,images/26154.jpg
42623,Women,Accessories,Jewellery,Earrings,Gold,Winter,2016.0,Casual,Estelle Women Earrings,images/42623.jpg
20091,Women,Apparel,Topwear,Sweaters,Grey,Summer,2012.0,Casual,United Colors of Benetton Women Grey Sweater,images/20091.jpg
10604,Unisex,Accessories,Headwear,Caps,Red,Fall,2011.0,Sports,Nike Unisex Tennis Red Caps,images/10604.jpg
33486,Women,Apparel,Dress,Dresses,Blue,Summer,2012.0,Casual,Doodle Kids Girl Printed Blue Dress,images/33486.jpg
35315,Women,Accessories,Jewellery,Earrings,Silver,Winter,2016.0,Ethnic,Fabindia Women Anusuya Silver Earrings,images/35315.jpg
53107,Women,Accessories,Jewellery,Earrings,Silver,Winter,2016.0,Casual,Fabindia Silver Earrings,images/53107.jpg
10260,Men,Apparel,Bottomwear,Trousers,Grey,Fall,2011.0,Formal,John Miller Men Line Grey Trousers,images/10260.jpg
10052,Women,Apparel,Bottomwear,Shorts,Black,Fall,2011.0,Casual,Puma Women Trunk Black Shorts,images/10052.jpg
23042,Men,Apparel,Bottomwear,Trousers,Navy Blue,Fall,2011.0,Formal,Arrow Men Navy Blue Trousers,images/23042.jpg
42849,Women,Accessories,Bags,Clutches,Black,Summer,2012.0,Casual,French Connection Women Black Clutch,images/42849.jpg
29578,Unisex,Accessories,Bags,Backpacks,Green,Summer,2012.0,Casual,ADIDAS Unisex Boston Celtics Green Backpack,images/29578.jpg
6872,Women,Apparel,Dress,Dresses,Black,Summer,2011.0,Casual,Forever New Women's Lacy Black Dress,images/6872.jpg
10258,Men,Apparel,Bottomwear,Trousers,Navy Blue,Fall,2011.0,Formal,John Miller Men Line Navy Blue Trousers,images/10258.jpg
18207,Men,Accessories,Headwear,Caps,Red,Fall,2011.0,Casual,Manchester United Men Solid Red Cap,images/18207.jpg
35923,Women,Accessories,Bags,Clutches,Brown,Summer,2012.0,Casual,Peperone Women Brown & Blue Clutch,images/35923.jpg
26508,Men,Apparel,Bottomwear,Trousers,Brown,Fall,2013.0,Casual,Arrow Sport Men Brown Trousers,images/26508.jpg
42871,Women,Accessories,Bags,Clutches,Red,Summer,2012.0,Casual,French Connection Women Red Clutch,images/42871.jpg
52825,Women,Accessories,Jewellery,Earrings,Green,Summer,2012.0,Casual,Adrika Black & Green Earrings,images/52825.jpg
28654,Unisex,Accessories,Headwear,Caps,Grey,Winter,2012.0,Casual,Nike Unisex Grey FCB Cap,images/28654.jpg
19321,Men,Apparel,Topwear,Sweatshirts,Grey,Fall,2011.0,Casual,Myntra Men Solid Grey Sweatshirt,images/19321.jpg
16369,Men,Apparel,Bottomwear,Trousers,Grey,Fall,2011.0,Formal,Peter England Men Solid Grey Trouser,images/16369.jpg
42885,Women,Accessories,Bags,Clutches,Copper,Summer,2012.0,Casual,French Connection Women Copper Clutch,images/42885.jpg
4987,Women,Apparel,Dress,Dresses,White,Summer,2011.0,Casual,Gini and Jony Girl's Viveca White Floral Kidswear,images/4987.jpg
58147,Men,Accessories,Socks,Socks,White,Spring,2014.0,Sports,PUMA Men Set of 3 White Above Ankle-Length Socks,images/58147.jpg
6886,Women,Apparel,Topwear,Jackets,Black,Summer,2011.0,Casual,Forever New Women Puff Sleeve Tux Black Jacket,images/6886.jpg
23045,Women,Apparel,Bottomwear,Leggings,Black,Fall,2011.0,Casual,Arrow Woman Black Printed Jeggings,images/23045.jpg
51465,Women,Apparel,Dress,Dresses,Teal,Summer,2012.0,Casual,Tonga Women Teal Dress,images/51465.jpg
16190,Men,Apparel,Topwear,Jackets,Navy Blue,Fall,2011.0,Sports,Puma Men Heroes Navy Blue Jackets,images/16190.jpg
35312,Women,Accessories,Jewellery,Earrings,Silver,Winter,2016.0,Ethnic,Fabindia Women Anusuya Silver Earrings,images/35312.jpg
53100,Women,Accessories,Jewellery,Earrings,Silver,Winter,2016.0,Casual,Fabindia Silver Earrings,images/53100.jpg
42624,Women,Accessories,Jewellery,Earrings,Gold,Winter,2016.0,Casual,Estelle Women Earrings,images/42624.jpg
12154,Women,Apparel,Bottomwear,Leggings,Black,Fall,2011.0,Ethnic,Aurelia Women Solid Black Leggings,images/12154.jpg
47356,Women,Accessories,Bags,Clutches,Brown,Summer,2012.0,Casual,Baggit Women Brown Affair Hoor Purse,images/47356.jpg
15371,Women,Apparel,Topwear,Sweatshirts,Purple,Fall,2011.0,Casual,Urban Yoga Women Solid Purple Sweatshirts,images/15371.jpg
10603,Unisex,Accessories,Headwear,Caps,Grey,Fall,2011.0,Sports,Nike Unisex Tennis Grey Caps,images/10603.jpg
14091,Women,Apparel,Topwear,Sweaters,Peach,Fall,2011.0,Casual,Flying Machine Women Solid Peach Sweaters,images/14091.jpg
26153,Men,Apparel,Bottomwear,Trousers,Black,Summer,2012.0,Formal,John Miller Men Striped Black Trousers,images/26153.jpg
49238,Men,Accessories,Headwear,Caps,Black,Fall,2012.0,Casual,Arrow Men Black Cap,images/49238.jpg
19548,Men,Apparel,Topwear,Sweatshirts,Purple,Fall,2011.0,Casual,United Colors of Benetton Men Solid Purple Sweatshirt,images/19548.jpg
20062,Women,Accessories,Headwear,Caps,Purple,Fall,2011.0,Casual,United Colors of Benetton Women Solid Purple Cap,images/20062.jpg
59896,Women,Apparel,Dress,Dresses,Multi,Fall,2012.0,Casual,Femella Women Multi Coloured Dress,images/59896.jpg
21382,Men,Apparel,Bottomwear,Shorts,White,Fall,2011.0,Casual,Manchester United Men Solid White Shorts,images/21382.jpg
36335,Men,Accessories,Socks,Socks,White,Summer,2016.0,Casual,Playboy Men White and Red Socks,images/36335.jpg
12392,Men,Accessories,Socks,Socks,Navy Blue,Summer,2016.0,Formal,Reid & Taylor Men Solid  Navy Blue Socks,images/12392.jpg
31110,Boys,Apparel,Bottomwear,Jeans,Grey,Summer,2012.0,Casual,Gini and Jony Boys Washed Grey Jeans,images/31110.jpg
13240,Men,Apparel,Topwear,Jackets,White,Fall,2011.0,Casual,Palm Tree Kids Boys Solid White Jackets,images/13240.jpg
11173,Men,Apparel,Topwear,Sweaters,Red,Fall,2011.0,Casual,Scullers Men Stripes Red Sweaters,images/11173.jpg
24294,Men,Accessories,Socks,Socks,Navy Blue,Summer,2016.0,Casual,Quiksilver Men High Navy Blue Socks,images/24294.jpg
28459,Women,Apparel,Bottomwear,Shorts,Purple,Summer,2012.0,Sports,Urban Yoga Women Purple Shorts,images/28459.jpg
27623,Men,Apparel,Bottomwear,Shorts,Beige,Summer,2012.0,Casual,Scullers Men Beige Shorts,images/27623.jpg
7533,Men,Apparel,Bottomwear,Shorts,Black,Summer,2011.0,Sports,Nike Men's As T90 Black Short,images/7533.jpg
25948,Women,Accessories,Scarves,Scarves,Green,Summer,2012.0,Casual,Femella Women Green Scarf,images/25948.jpg
11341,Men,Apparel,Bottomwear,Jeans,Blue,Summer,2017.0,Casual,Lee Men Light Blue Chicago Fit Jeans,images/11341.jpg
53109,Women,Accessories,Jewellery,Earrings,Silver,Winter,2016.0,Casual,Fabindia Silver Earrings,images/53109.jpg
59433,Women,Accessories,Bags,Clutches,Red,Summer,2015.0,Casual,Spice Art Women Red Clutch,images/59433.jpg
42847,Women,Accessories,Bags,Clutches,Black,Summer,2012.0,Casual,French Connection Women Black Purse,images/42847.jpg
39380,Men,Apparel,Bottomwear,Jeans,White,Summer,2012.0,Casual,Peter England Men Blue Party Jeans,images/39380.jpg
10438,Men,Apparel,Bottomwear,Jeans,Blue,Fall,2011.0,Casual,Flying Machine Men Midrise Blue Jeans,images/10438.jpg
29112,Women,Accessories,Socks,Socks,White,Winter,2015.0,Casual,Puma Women Pack of 3 Socks,images/29112.jpg
13249,Men,Apparel,Bottomwear,Trousers,Brown,Fall,2011.0,Casual,Palm Tree Kids Boy Solid Brown Trousers,images/13249.jpg
46877,Men,Accessories,Socks,Socks,Beige,Summer,2012.0,Casual,Lino Perros Men Pack of 2 Socks,images/46877.jpg
19541,Men,Accessories,Gloves,Gloves,Black,Fall,2011.0,Casual,United Colors of Benetton Men Solid Black Gloves,images/19541.jpg
57139,Women,Apparel,Bottomwear,Trousers,Black,Summer,2012.0,Casual,Elle Women Black Etra Slim Fit Trousers,images/57139.jpg
49655,Women,Apparel,Bottomwear,Skirts,Pink,Summer,2012.0,Casual,Mineral Pink & Green Skirt,images/49655.jpg
25941,Women,Accessories,Scarves,Scarves,Yellow,Summer,2012.0,Casual,Femella Women Yellow & Brown Scarf,images/25941.jpg
12162,Women,Apparel,Bottomwear,Leggings,Green,Fall,2011.0,Ethnic,Aurelia Women Solid Blue Leggings,images/12162.jpg
42878,Women,Accessories,Bags,Clutches,Maroon,Summer,2012.0,Casual,,images/42878.jpg
35324,Women,Accessories,Jewellery,Earrings,Silver,Winter,2016.0,Ethnic,Fabindia Women Anusuya Silver Earrings,images/35324.jpg
19328,Men,Apparel,Topwear,Sweatshirts,Maroon,Fall,2011.0,Casual,Myntra Men Maroon Sweatshirt,images/19328.jpg
7737,Unisex,Accessories,Headwear,Caps,Black,Fall,2011.0,Sports,Puma Unisex Stripe Cat Black Cap,images/7737.jpg
24090,Men,Apparel,Topwear,Sweatshirts,Red,Fall,2011.0,Casual,Manchester United Men Red Sweatshirt,images/24090.jpg
25142,Women,Accessories,Bags,Clutches,Red,Winter,2015.0,Casual,Lino Perros Women Red Clutch,images/25142.jpg
32591,Women,Apparel,Bottomwear,Skirts,Pink,Summer,2012.0,Casual,ONLY Women Pink Skirt,images/32591.jpg
16536,Women,Accessories,Headwear,Caps,Red,Fall,2011.0,Casual,Probase Women Checked Orange & Red Cap,images/16536.jpg
31126,Girls,Apparel,Dress,Dresses,White,Summer,2012.0,Casual,Gini and Jony Girls White Dress,images/31126.jpg
25714,Unisex,Accessories,Headwear,Caps,Black,Spring,2013.0,Casual,ADIDAS Unisex NBA Black Cap,images/25714.jpg
25946,Women,Accessories,Scarves,Scarves,Brown,Summer,2012.0,Casual,Femella Women Brown Scarf,images/25946.jpg
19546,Women,Apparel,Topwear,Sweatshirts,Black,Fall,2011.0,Casual,United Colors of Benetton Women Solid Black Sweatshirt,images/19546.jpg
49236,Men,Accessories,Headwear,Caps,Cream,Fall,2012.0,Casual,Arrow Men Cream Cap,images/49236.jpg
21982,Women,Accessories,Bags,Clutches,Gold,Winter,2015.0,Casual,Murcia Women Casual Gold Clutch,images/21982.jpg
20850,Women,Accessories,Bags,Clutches,Green,Winter,2015.0,Casual,Spice Art Women White Beaded Elastic Flower Clutch,images/20850.jpg
54925,Men,Apparel,Bottomwear,Shorts,Cream,Summer,2012.0,Casual,Do U Speak Green Men Cream Shorts,images/54925.jpg
27044,Women,Accessories,Bags,Clutches,Black,Fall,2012.0,Casual,Yelloe Black Fur Zip Clutch,images/27044.jpg
49807,Men,Accessories,Headwear,Caps,Red,Summer,2012.0,Casual,Flying Machine Men Red Cap,images/49807.jpg
25713,Unisex,Accessories,Headwear,Caps,Black,Spring,2013.0,Sports,ADIDAS Unisex Chicago Bulls Black Cap,images/25713.jpg
58149,Women,Accessories,Headwear,Caps,Pink,Summer,2012.0,Casual,Puma Women Pink Sparkle Cat Cap,images/58149.jpg
11370,Women,Apparel,Topwear,Sweatshirts,Green,Fall,2011.0,Casual,United Colors Of Benetton Women Light Wintersweat Green Sweatshirts,images/11370.jpg
4989,Women,Apparel,Bottomwear,Shorts,Green,Summer,2011.0,Casual,Gini and Jony Girl's Fenil Bright Green Kidswear,images/4989.jpg
11142,Women,Accessories,Scarves,Scarves,Blue,Fall,2011.0,Casual,Scullers Women Solid Blue Scarves,images/11142.jpg
35323,Women,Accessories,Jewellery,Earrings,Silver,Winter,2016.0,Ethnic,Fabindia Women Anusuya Silver Earrings,images/35323.jpg
18209,Men,Accessories,Headwear,Caps,Navy Blue,Fall,2011.0,Casual,Manchester United Men Printed Navy Blue Cap,images/18209.jpg
13285,Men,Apparel,Bottomwear,Shorts,Black,Fall,2011.0,Casual,Gini and Jony Kids Boys Solid Black Shorts,images/13285.jpg
56215,Women,Accessories,Jewellery,Earrings,Gold,Winter,2016.0,Casual,Estelle Women Gold Earrings,images/56215.jpg
15340,Women,Apparel,Bottomwear,Shorts,Black,Fall,2011.0,Sports,Nike Women Solid Black Shorts,images/15340.jpg
14000,Men,Apparel,Topwear,Jackets,Blue,Fall,2011.0,Sports,Nike Men Printed Blue Jackets,images/14000.jpg
16757,Women,Accessories,Bags,Clutches,Black,Winter,2015.0,Casual,Spice Art Women Beaded Bow Black Clutch,images/16757.jpg
13225,Men,Apparel,Topwear,Sweatshirts,Blue,Fall,2011.0,Casual,Palm Tree Kids Boys Printed Blue Sweatshirts,images/13225.jpg
34063,Girls,Apparel,Dress,Dresses,Pink,Summer,2012.0,Casual,Gini and Jony Girls Printed Pink Dress,images/34063.jpg
34251,Men,Apparel,Bottomwear,Shorts,Navy Blue,Summer,2013.0,Sports,Proline Navy Shorts,images/34251.jpg
43303,Women,Apparel,Dress,Dresses,Black,Summer,2012.0,Casual,United Colors of Benetton Women Black Dress,images/43303.jpg
4929,Women,Apparel,Bottomwear,Skirts,Blue,Summer,2011.0,Casual,Gini and Jony Girl's Vanida Blue Dungree Kidswear,images/4929.jpg
35145,Women,Accessories,Bags,Clutches,Red,Summer,2012.0,Casual,Allen Solly Woman Red Clutch,images/35145.jpg
43793,Women,Accessories,Jewellery,Earrings,Gold,Summer,2012.0,Ethnic,Royal Diadem White Earrings,images/43793.jpg
38830,Women,Apparel,Dress,Dresses,Navy Blue,Summer,2012.0,Casual,Latin Quarters Women Navy Blue Printed Dress,images/38830.jpg
52840,Women,Accessories,Jewellery,Earrings,Red,Summer,2012.0,Casual,Adrika Red Earrings,images/52840.jpg
25912,Women,Apparel,Bottomwear,Leggings,Cream,Summer,2012.0,Casual,Femella Women Cream Leggings,images/25912.jpg
39327,Girls,Apparel,Bottomwear,Leggings,Green,Summer,2012.0,Casual,Gini and Jony Girls Green Leggings,images/39327.jpg
26935,Women,Apparel,Dress,Dresses,Black,Summer,2012.0,Casual,Jealous 21 Women Black Dress,images/26935.jpg
3901,Girls,Apparel,Bottomwear,Skirts,Blue,Summer,2011.0,Casual,Disney Kids Girl's Pooh Denim Blue Skirt,images/3901.jpg
48720,Women,Accessories,Jewellery,Earrings,Silver,Summer,2013.0,Casual,Lucera Women Silver Earrings,images/48720.jpg
54971,Women,Apparel,Dress,Dresses,Grey,Summer,2012.0,Casual,Femella Women Grey Dress,images/54971.jpg
22591,Men,Apparel,Topwear,Sweatshirts,Grey,Fall,2011.0,Casual,Nike Men Stripes Grey Sweatshirt,images/22591.jpg
43794,Women,Accessories,Jewellery,Earrings,Green,Summer,2012.0,Ethnic,Royal Diadem Gold & Green Earrings,images/43794.jpg
10661,Women,Apparel,Bottomwear,Shorts,Blue,Fall,2011.0,Casual,Doodle Girl Hot  Ice Wash Blue Shorts,images/10661.jpg
40111,Unisex,Accessories,Headwear,Caps,Black,Spring,2013.0,Casual,ADIDAS Unisex Black Cap,images/40111.jpg
38837,Women,Apparel,Dress,Dresses,Pink,Fall,2012.0,Casual,Latin Quarters Women Pink Printed Dress,images/38837.jpg
6477,Men,Apparel,Topwear,Jackets,White,Summer,2011.0,Casual,ADIDAS Men Top White Jacket,images/6477.jpg
30602,Boys,Apparel,Bottomwear,Shorts,Black,Summer,2012.0,Sports,Nike Boys Basketball Black Shorts,images/30602.jpg
48718,Women,Accessories,Jewellery,Earrings,Silver,Summer,2013.0,Casual,Lucera Women Silver Earrings,images/48718.jpg
40747,Women,Accessories,Headwear,Caps,Beige,Winter,2012.0,Casual,Roxy Women Beige Cap,images/40747.jpg
41695,Men,Apparel,Bottomwear,Shorts,Navy Blue,Summer,2012.0,Casual,Superman Men Navy Blue Printed Shorts,images/41695.jpg
54949,Men,Apparel,Topwear,Sweatshirts,Grey Melange,Summer,2012.0,Casual,Do u speak green Men Grey Sweatshirt,images/54949.jpg
28609,Men,Accessories,Headwear,Caps,Grey,Summer,2012.0,Casual,Nike Men Classic Swoosh Grey Cap,images/28609.jpg
25116,Women,Accessories,Bags,Clutches,Silver,Winter,2015.0,Casual,Lino Perros Women Beads Silver Clutch,images/25116.jpg
34064,Girls,Apparel,Dress,Dresses,Blue,Summer,2012.0,Casual,Gini and Jony Girls Printed Teal Dress,images/34064.jpg
20232,Women,Apparel,Topwear,Sweaters,Blue,Fall,2011.0,Casual,Wrangler Women Felt Blue Sweater,images/20232.jpg
5450,Men,Apparel,Bottomwear,Shorts,Blue,Summer,2011.0,Sports,Nike Men's Blue Short,images/5450.jpg
16750,Women,Accessories,Bags,Clutches,Beige,Winter,2015.0,Casual,Spice Art Women Gun Metal Leatherette Metallic Clutch,images/16750.jpg
13222,Men,Apparel,Bottomwear,Shorts,Blue,Fall,2011.0,Casual,Palm Tree Kids Boys Washed Blue Shorts,images/13222.jpg
43552,Unisex,Accessories,Headwear,Caps,Blue,Summer,2012.0,Casual,Puma Unisex Blue Complete Running Cap,images/43552.jpg
27225,Girls,Apparel,Dress,Dresses,Pink,Summer,2012.0,Casual,Doodle Girls Printed Pink Dress,images/27225.jpg
54976,Women,Apparel,Dress,Dresses,Pink,Summer,2012.0,Casual,Femella Women Pink Dress,images/54976.jpg
21119,Men,Apparel,Topwear,Sweaters,Black,Fall,2011.0,Casual,s.Oliver Men Black Sweater,images/21119.jpg
19515,Men,Apparel,Topwear,Sweaters,Blue,Fall,2011.0,Casual,United Colors of Benetton Men Solid Blue Sweater,images/19515.jpg
39320,Boys,Apparel,Bottomwear,Shorts,Navy Blue,Summer,2012.0,Casual,Gini and Jony Boys Navy Blue Shorts,images/39320.jpg
44922,Men,Apparel,Bottomwear,Shorts,Red,Summer,2012.0,Casual,Puma Men Red Cat Logo Shorts,images/44922.jpg
25129,Women,Accessories,Bags,Clutches,Gold,Winter,2015.0,Casual,Lino Perros Women Gems Gold Clutch,images/25129.jpg
21589,Women,Apparel,Bottomwear,Swimwear,Black,Summer,2011.0,Sports,Nabaiji Women Solid Black Swimsuit,images/21589.jpg
25915,Women,Apparel,Bottomwear,Leggings,Grey,Summer,2012.0,Casual,Femella Women Grey Leggings,images/25915.jpg
19171,Men,Apparel,Topwear,Sweatshirts,Grey,Fall,2011.0,Casual,United Colors of Benetton Men Printed Grey Sweatshirt,images/19171.jpg
16905,Men,Apparel,Topwear,Sweatshirts,Green,Fall,2011.0,Casual,Status Quo Men Solid Green Sweatshirt,images/16905.jpg
38459,Women,Accessories,Bags,Clutches,Silver,Fall,2012.0,Casual,Baggit Women Silver Clutch,images/38459.jpg
40771,Men,Accessories,Headwear,Caps,Blue,Summer,2012.0,Casual,Quiksilver Men Blue Firsty Roundtails Cap,images/40771.jpg
10001,Women,Apparel,Bottomwear,Skirts,Blue,Summer,2011.0,Casual,Palm Tree Kids Girls Sp Jema Skt Blue Skirts,images/10001.jpg
23475,Men,Accessories,Scarves,Scarves,Black,Winter,2015.0,Casual,Lino Perros Men Black Check Scarf,images/23475.jpg
40127,Girls,Apparel,Dress,Dresses,Black,Summer,2012.0,Casual,Gini and Jony Girls Roseatte Black Dress,images/40127.jpg
21110,Men,Apparel,Topwear,Sweaters,Charcoal,Fall,2011.0,Casual,s.Oliver Men Solid Charcoal Sweater,images/21110.jpg
47302,Women,Accessories,Bags,Clutches,Brown,Summer,2012.0,Casual,Baggit Women Brown Purse,images/47302.jpg
23481,Men,Accessories,Scarves,Scarves,Purple,Summer,2012.0,Casual,Arrow Men Purple Check Scarf,images/23481.jpg
20204,Men,Apparel,Topwear,Sweatshirts,Grey,Fall,2011.0,Casual,Wrangler Men Flock Print Grey Sweatshirt,images/20204.jpg
25120,Women,Accessories,Bags,Clutches,Black,Winter,2015.0,Casual,Lino Perros Women Beaded Black Clutch,images/25120.jpg
48523,Women,Apparel,Dress,Jumpsuit,Magenta,Winter,2011.0,Casual,French Connection Women Magenta Playsuit,images/48523.jpg
9436,Unisex,Accessories,Headwear,Caps,Black,Fall,2011.0,Casual,Nike Unisex Rafa Bull Log Black Caps,images/9436.jpg
19523,Men,Apparel,Topwear,Sweaters,Grey,Fall,2011.0,Casual,United Colors of Benetton Men Grey Sweater,images/19523.jpg
39124,Women,Apparel,Bottomwear,Leggings,Beige,Fall,2012.0,Casual,Aneri Women Beige Leggings,images/39124.jpg
33270,Girls,Apparel,Bottomwear,Skirts,White,Summer,2012.0,Casual,Gini & Jony Girls White Skirt,images/33270.jpg
5005,Women,Apparel,Bottomwear,Skirts,Red,Summer,2011.0,Casual,Gini and Jony Girl's Glinda Red Kidswear,images/5005.jpg
25127,Women,Accessories,Bags,Clutches,Purple,Winter,2015.0,Casual,Lino Perros Women Gems Purple Clutch,images/25127.jpg
23486,Men,Accessories,Scarves,Scarves,Grey,Summer,2012.0,Casual,Arrow Men Grey Check Scarf,images/23486.jpg
20203,Men,Apparel,Topwear,Sweatshirts,Black,Fall,2011.0,Casual,Wrangler Men Flock Print Black Sweatshirt,images/20203.jpg
15322,Men,Apparel,Topwear,Jackets,Black,Fall,2011.0,Casual,Nike Men Solid Black Jacket,images/15322.jpg
23472,Men,Accessories,Scarves,Scarves,Purple,Winter,2015.0,Casual,Lino Perros Men Purple Scarf,images/23472.jpg
18865,Men,Apparel,Topwear,Sweatshirts,Red,Fall,2011.0,Casual,Puma Men Red Sports Heritage Sweatshirt,images/18865.jpg
19524,Men,Apparel,Topwear,Sweaters,Blue,Fall,2011.0,Casual,United Colors of Benetton Men Solid Blue Sweater,images/19524.jpg
39123,Women,Apparel,Bottomwear,Leggings,White,Fall,2012.0,Casual,Aneri Women White Leggings,images/39123.jpg
25118,Women,Accessories,Bags,Clutches,Black,Winter,2015.0,Casual,Lino Perros Women Beaded Black Clutch,images/25118.jpg
11099,Women,Apparel,Bottomwear,Leggings,Black,Fall,2011.0,Ethnic,Scullers Women Solid Black Leggings,images/11099.jpg
9771,Men,Apparel,Topwear,Jackets,Blue,Fall,2011.0,Casual,ADIDAS Men Adna Blue Jackets,images/9771.jpg
58254,Women,Accessories,Bags,Clutches,Teal,Summer,2012.0,Casual,Baggit Women Teal Purse,images/58254.jpg
57812,Women,Apparel,Dress,Jumpsuit,Brown,Summer,2012.0,Casual,United Colors of Benetton Women Brown Jumpsuit,images/57812.jpg
49789,Men,Accessories,Headwear,Caps,Red,Summer,2012.0,Casual,Flying Machine Men Red Cap,images/49789.jpg
52563,Women,Accessories,Bags,Clutches,Red,Summer,2012.0,Casual,Mod'acc Women Red Coin Purse,images/52563.jpg
11260,Women,Apparel,Bottomwear,Skirts,Green,Summer,2011.0,Casual,Palm Tree Kids Girl Sp Jace Sko Green Skirts,images/11260.jpg
17197,Men,Apparel,Topwear,Sweaters,Green,Winter,2016.0,Casual,U.S. Polo Assn. Men Stripes Green Sweater,images/17197.jpg
28540,Men,Apparel,Topwear,Jackets,Red,Summer,2012.0,Sports,Nike Men Hurricane Vapor Red Jacket,images/28540.jpg
19809,Men,Apparel,Topwear,Sweaters,Grey,Fall,2011.0,Casual,U.S. Polo Assn. Men Striped Grey Sweaters,images/19809.jpg
8496,Women,Apparel,Bottomwear,Skirts,Cream,Fall,2011.0,Casual,Forever New Women Cappuccino Cream Skirts,images/8496.jpg
21439,Women,Accessories,Headwear,Caps,Purple,Summer,2012.0,Casual,Roxy Women Be Happy Purple Cap,images/21439.jpg
43072,Unisex,Accessories,Headwear,Caps,Black,Summer,2012.0,Casual,Nike Unisex Black Cap,images/43072.jpg
20376,Women,Apparel,Topwear,Jackets,Blue,Fall,2011.0,Casual,Urban Yoga Women Solid Blue Jacket,images/20376.jpg
48493,Women,Apparel,Bottomwear,Skirts,Black,Winter,2011.0,Casual,French Connection Women Black Skirt,images/48493.jpg
19003,Women,Apparel,Topwear,Sweatshirts,Red,Summer,2011.0,Casual,ADIDAS Originals Women Trefoil Hoodie Red Sweatshirt,images/19003.jpg
17199,Men,Apparel,Topwear,Sweaters,Grey,Winter,2016.0,Casual,U.S. Polo Assn. Men Solid Grey Sweater,images/17199.jpg
13961,Women,Apparel,Topwear,Sweaters,Pink,Fall,2011.0,Casual,Jealous 21 Women Solid Pink Sweaters,images/13961.jpg
38146,Unisex,Accessories,Headwear,Caps,Grey,Summer,2012.0,Casual,Wildcraft Unisex Grey Beanie,images/38146.jpg
13995,Women,Apparel,Topwear,Jackets,Blue,Fall,2011.0,Sports,Nike Women Solid Blue Jackets,images/13995.jpg
30925,Women,Apparel,Bottomwear,Skirts,Black,Summer,2012.0,Ethnic,Fabindia Women Printed Black Ghera Skirt,images/30925.jpg
29034,Unisex,Accessories,Headwear,Caps,Navy Blue,Summer,2012.0,Casual,ADIDAS Unisex Line Age Navy Blue Cap,images/29034.jpg
49787,Men,Accessories,Headwear,Caps,White,Summer,2012.0,Casual,Flying Machine Men White Cap,images/49787.jpg
17951,Unisex,Accessories,Headwear,Caps,Red,Fall,2011.0,Casual,Nike Unisex Knit Beanie Red Skull Cap,images/17951.jpg
13162,Unisex,Accessories,Headwear,Caps,White,Fall,2011.0,Casual,Puma Unisex Unisex Cat Logo White Caps,images/13162.jpg
22625,Men,Apparel,Topwear,Sweaters,Black,Fall,2011.0,Sports,Nike Men Solid Black Sweater,images/22625.jpg
8833,Men,Apparel,Topwear,Sweaters,Black,Fall,2011.0,Casual,Spykar Men Rts Vneck Black Black Sweaters,images/8833.jpg
42350,Women,Apparel,Bottomwear,Leggings,Black,Summer,2012.0,Casual,Flying Machine Women Black Leggings,images/42350.jpg
17152,Men,Apparel,Topwear,Jackets,Black,Fall,2011.0,Casual,U.S. Polo Assn. Men Solid Black Jacket,images/17152.jpg
37555,Girls,Accessories,Gloves,Gloves,Pink,Summer,2012.0,Casual,Madagascar 3 Infants Girl Pink Mittens,images/37555.jpg
21602,Women,Apparel,Topwear,Sweaters,Grey,Winter,2012.0,Casual,Roxy Women Grey Striped Sweater,images/21602.jpg
40063,Unisex,Accessories,Headwear,Caps,Blue,Summer,2012.0,Casual,ADIDAS Unisex Blue Cap,images/40063.jpg
17956,Women,Accessories,Headwear,Caps,Purple,Fall,2011.0,Sports,Nike Women Stay Cool Purple Cap,images/17956.jpg
23951,Men,Apparel,Topwear,Sweaters,Black,Fall,2011.0,Casual,Provogue Men Black Sweater,images/23951.jpg
30922,Women,Apparel,Bottomwear,Skirts,Rust,Summer,2012.0,Ethnic,Fabindia Women Printed Rust Skirt,images/30922.jpg
14985,Men,Apparel,Topwear,Sweatshirts,Blue,Fall,2011.0,Casual,ADIDAS Men Printed Blue Sweatshirts,images/14985.jpg
20378,Women,Apparel,Topwear,Sweatshirts,Black,Fall,2011.0,Sports,Urban Yoga Women Printed Black Sweatshirt,images/20378.jpg
19004,Women,Apparel,Topwear,Jackets,Red,Summer,2011.0,Casual,ADIDAS Originals Women Firebird Red Jacket,images/19004.jpg
19236,Men,Accessories,Scarves,Scarves,Off White,Fall,2011.0,Casual,Puma Men Solid Off White Scarvf,images/19236.jpg
8498,Women,Apparel,Bottomwear,Skirts,Grey,Fall,2011.0,Casual,Forever New Women Coral Check Grey Skirts,images/8498.jpg
15602,Men,Apparel,Topwear,Sweatshirts,Black,Summer,2012.0,Casual,Nike Men Casual Black Sweatshirts,images/15602.jpg
20347,Women,Apparel,Topwear,Sweaters,Black,Fall,2011.0,Casual,Scullers For Her Women Solid Black Sweater,images/20347.jpg
10572,Men,Apparel,Topwear,Sweaters,Red,Fall,2011.0,Casual,Puma Men Knitted Red Sweaters,images/10572.jpg
32410,Women,Apparel,Bottomwear,Leggings,Blue,Summer,2012.0,Sports,ADIDAS Women Blue Leggings,images/32410.jpg
57087,Women,Apparel,Bottomwear,Skirts,Yellow,Summer,2012.0,Casual,Elle Women Yellow Skirt,images/57087.jpg
9946,Men,Apparel,Topwear,Sweaters,Black,Fall,2011.0,Sports,ADIDAS Men Frnt Str Black Sweaters,images/9946.jpg
47671,Women,Accessories,Scarves,Scarves,White,Summer,2012.0,Casual,Femella Women White & Black Scarf,images/47671.jpg
54054,Women,Apparel,Bottomwear,Leggings,Green,Summer,2012.0,Casual,Myntra Women Green Leggings,images/54054.jpg
15464,Men,Apparel,Topwear,Jackets,Black,Fall,2011.0,Casual,Puma Men Frost HD Black Jackets,images/15464.jpg
25037,Women,Apparel,Bottomwear,Leggings,Purple,Fall,2011.0,Casual,Nike Women Long Purple Leggings,images/25037.jpg
31605,Women,Apparel,Bottomwear,Skirts,Black,Summer,2012.0,Sports,Nike Women Running Black Skirt with Capris,images/31605.jpg
35097,Women,Accessories,Scarves,Scarves,Pink,Winter,2011.0,Casual,Allen Solly Women Pink  Scarf,images/35097.jpg
19639,Women,Apparel,Topwear,Sweatshirts,Olive,Fall,2011.0,Casual,United Colors of Benetton Women Solid Olive Sweatshirt,images/19639.jpg
16443,Men,Apparel,Topwear,Sweatshirts,Black,Fall,2011.0,Casual,Levis Men Printed Black Sweatshirts,images/16443.jpg
23139,Men,Apparel,Topwear,Sweatshirts,Olive,Fall,2011.0,Casual,Quechua Men Fleece Olive Sweatshirt,images/23139.jpg
18176,Boys,Apparel,Topwear,Sweatshirts,Green,Fall,2011.0,Casual,Doodle Kids-Boys Flap 02 Green Sweatshirt,images/18176.jpg
18512,Men,Apparel,Topwear,Jackets,Red,Fall,2011.0,Casual,C Vox Men Red Jacket,images/18512.jpg
59122,Men,Apparel,Topwear,Jackets,Grey,Summer,2012.0,Casual,Just Natural Men Grey Jacket,images/59122.jpg
16444,Men,Apparel,Topwear,Sweatshirts,Olive,Fall,2011.0,Casual,Levis Men Printed Olive Sweatshirts,images/16444.jpg
13304,Women,Apparel,Bottomwear,Skirts,Red,Fall,2011.0,Casual,Gini and Jony Kids Girls Solid Red Skirts,images/13304.jpg
35090,Women,Accessories,Scarves,Scarves,Olive,Summer,2012.0,Casual,Allen Solly Woman Check Olive Scarf,images/35090.jpg
54053,Women,Apparel,Bottomwear,Leggings,White,Summer,2012.0,Casual,Myntra Women White Leggings,images/54053.jpg
21464,Women,Apparel,Topwear,Sweaters,Grey,Winter,2012.0,Casual,Roxy Women Grey Sweater,images/21464.jpg
15007,Men,Apparel,Topwear,Jackets,Black,Fall,2011.0,Sports,ADIDAS Originals Men Solid Black Jackets,images/15007.jpg
43679,Women,Apparel,Dress,Jumpsuit,Orange,Summer,2012.0,Casual,French Connection Women Orange Playsuit,images/43679.jpg
15038,Women,Apparel,Topwear,Sweaters,Grey,Fall,2011.0,Casual,ADIDAS Women Stripes Grey Sweaters,images/15038.jpg
18727,Women,Apparel,Topwear,Sweaters,Navy Blue,Fall,2011.0,Casual,Arrow Woman Venetia Navy Blue Sweater,images/18727.jpg
17905,Men,Apparel,Topwear,Sweatshirts,Black,Fall,2011.0,Casual,Nike Men Casual Black Sweatshirt,images/17905.jpg
1579,Men,Apparel,Topwear,Jackets,Grey,Fall,2010.0,Sports,Domyos Men Grey Second Skin Jacket,images/1579.jpg
1584,Unisex,Apparel,Topwear,Jackets,White,Summer,2011.0,Casual,Domyos Unisex Feather-light Jacket,images/1584.jpg
16016,Men,Accessories,Scarves,Scarves,White,Fall,2011.0,Casual,Turtle Check Men White Scarf,images/16016.jpg
41315,Women,Apparel,Bottomwear,Leggings,Navy Blue,Summer,2012.0,Ethnic,Aurelia Women Navy Blue Leggings,images/41315.jpg
15031,Women,Apparel,Topwear,Sweaters,Pink,Fall,2011.0,Casual,ADIDAS Women Stripes Pink Sweaters,images/15031.jpg
33960,Women,Apparel,Bottomwear,Leggings,Pink,Summer,2012.0,Casual,Femella Women Pink Leggings,images/33960.jpg
18711,Women,Apparel,Bottomwear,Skirts,Brown,Fall,2011.0,Casual,Arrow Woman Printed Brown Skirt,images/18711.jpg
57089,Women,Apparel,Bottomwear,Skirts,Navy Blue,Summer,2012.0,Casual,Elle Women Blue Skirt,images/57089.jpg
18523,Men,Apparel,Topwear,Jackets,Black,Fall,2011.0,Casual,C Vox Men Control Freak Black Jacket,images/18523.jpg
23302,Women,Apparel,Bottomwear,Leggings,Brown,Fall,2011.0,Ethnic,W Women Brown Leggings,images/23302.jpg
15036,Women,Apparel,Topwear,Sweaters,Blue,Fall,2011.0,Casual,ADIDAS Women Stripes Blue Sweaters,images/15036.jpg
4461,Men,Apparel,Topwear,Jackets,Black,Summer,2011.0,Sports,Nike Men Manu Show Time Black Jacket,images/4461.jpg
18729,Women,Apparel,Topwear,Sweaters,Magenta,Fall,2011.0,Casual,Arrow Woman Keisha Magenta Sweater,images/18729.jpg
14322,Men,Apparel,Topwear,Jackets,Black,Fall,2011.0,Sports,ADIDAS Men Solid Black Jackets,images/14322.jpg
16011,Men,Accessories,Scarves,Scarves,Black,Fall,2011.0,Casual,Turtle Check Men Black Scarf,images/16011.jpg
33958,Women,Apparel,Bottomwear,Leggings,Blue,Summer,2012.0,Casual,Femella Women Blue Leggings,images/33958.jpg
1583,Women,Apparel,Bottomwear,Swimwear,Black,Fall,2010.0,Sports,Nabaiji Women Black Swimsuit,images/1583.jpg
18524,Women,Apparel,Topwear,Jackets,Black,Fall,2011.0,Casual,C Vox Women Solid 1351 Black Jacket,images/18524.jpg
15009,Men,Apparel,Topwear,Jackets,Blue,Fall,2011.0,Sports,ADIDAS Men Blue Jacket,images/15009.jpg
18311,Men,Apparel,Topwear,Sweaters,Green,Summer,2011.0,Casual,Wills Lifestyle Men Striped Green Sweater,images/18311.jpg
30923,Women,Apparel,Bottomwear,Skirts,Mustard,Summer,2012.0,Ethnic,Fabindia Women Printed Mustard Skirt,images/30923.jpg
20346,Women,Apparel,Topwear,Sweaters,Pink,Fall,2011.0,Casual,Scullers For Her Women Solid Pink Sweater,images/20346.jpg
17154,Men,Apparel,Topwear,Jackets,Navy Blue,Winter,2016.0,Casual,U.S. Polo Assn. Men Solid Navy Blue Jacket,images/17154.jpg
8499,Women,Apparel,Bottomwear,Skirts,Pink,Fall,2011.0,Casual,Forever New Women Blossom  Pink Printed Skirt,images/8499.jpg
15603,Men,Apparel,Topwear,Jackets,Black,Fall,2011.0,Sports,Nike Men Football Soccer Black Jackets,images/15603.jpg
30924,Women,Apparel,Bottomwear,Skirts,Beige,Summer,2012.0,Ethnic,Fabindia Women Printed Beige Ghera Skirt,images/30924.jpg
13994,Men,Apparel,Topwear,Jackets,Black,Fall,2011.0,Sports,Nike Men Solid Black Jackets,images/13994.jpg
17198,Men,Apparel,Topwear,Sweaters,Black,Winter,2016.0,Casual,U.S. Polo Assn. Men Solid Black Sweater,images/17198.jpg
11096,Women,Apparel,Topwear,Sweaters,Purple,Fall,2011.0,Casual,Scullers Women Stripes Purple Sweaters,images/11096.jpg
17153,Men,Apparel,Topwear,Jackets,Khaki,Fall,2011.0,Casual,U.S. Polo Assn. Men Solid Lt.khaki Jacket,images/17153.jpg
6504,Men,Apparel,Topwear,Jackets,Blue,Summer,2011.0,Casual,ADIDAS Men Wind Sky Blue Jacket,images/6504.jpg
8832,Men,Apparel,Topwear,Sweaters,Grey,Fall,2011.0,Casual,Spykar Men Rts Grey White Pullover Grey Sweaters,images/8832.jpg
8497,Women,Apparel,Bottomwear,Skirts,Cream,Fall,2011.0,Casual,Forever New Women Cameo Skirt Cream Skirts,images/8497.jpg
27199,Women,Apparel,Bottomwear,Skirts,Grey,Summer,2012.0,Casual,Doodle Kids Girl Printed Grey Skirt,images/27199.jpg
20383,Men,Apparel,Topwear,Sweaters,White,Fall,2011.0,Casual,Spykar Men Solid White Sweater,images/20383.jpg
42969,Women,Apparel,Bottomwear,Swimwear,Brown,Summer,2018.0,Casual,Amante Brown & Green Swimsuit WCSD03,images/42969.jpg
6532,Women,Apparel,Bottomwear,Skirts,Pink,Summer,2011.0,Sports,Nike Women's Border Pink Skirt,images/6532.jpg
20377,Women,Apparel,Topwear,Jackets,Pink,Fall,2011.0,Casual,Urban Yoga Women Solid Pink Jacket,images/20377.jpg
18571,Men,Apparel,Topwear,Sweaters,Grey,Fall,2011.0,Casual,Puma Men Solid Grey Sweater,images/18571.jpg
11098,Women,Apparel,Bottomwear,Leggings,Purple,Fall,2011.0,Ethnic,Scullers Women Solid Purple Leggings,images/11098.jpg
17196,Men,Apparel,Topwear,Sweaters,Navy Blue,Winter,2016.0,Casual,U.S. Polo Assn. Men Stripes Navy Blue Sweater,images/17196.jpg
31454,Women,Apparel,Bottomwear,Skirts,Black,Summer,2012.0,Sports,Nike Women Tennis Black Skirt,images/31454.jpg
12848,Women,Apparel,Bottomwear,Skirts,Blue,Fall,2011.0,Casual,Ant Kids Check Blue Skirts,images/12848.jpg
14323,Women,Apparel,Topwear,Sweaters,White,Fall,2011.0,Casual,ADIDAS Women Stripes White Sweaters,images/14323.jpg
41313,Women,Apparel,Bottomwear,Leggings,White,Summer,2012.0,Ethnic,Aurelia Women White Leggings,images/41313.jpg
1582,Unisex,Apparel,Bottomwear,Swimwear,Black,Summer,2011.0,Sports,Nabaiji Unisex Black Silicone Swimming Cap,images/1582.jpg
33959,Women,Apparel,Bottomwear,Leggings,Grey,Summer,2012.0,Casual,Femella Women Grey Leggings,images/33959.jpg
23303,Women,Apparel,Bottomwear,Leggings,Maroon,Fall,2011.0,Ethnic,W Women Solid Maroon Leggings,images/23303.jpg
10777,Women,Apparel,Topwear,Jackets,Purple,Summer,2011.0,Sports,Nike Women Hooded Purple Jacket,images/10777.jpg
15037,Women,Apparel,Topwear,Sweaters,Black,Fall,2011.0,Casual,ADIDAS Women Check Black Sweaters,images/15037.jpg
18728,Women,Apparel,Topwear,Sweaters,Grey,Fall,2011.0,Casual,Arrow Woman Keisha Grey Sweater,images/18728.jpg
15008,Men,Apparel,Topwear,Jackets,White,Fall,2011.0,Sports,ADIDAS Men White Jacket,images/15008.jpg
59115,Men,Apparel,Topwear,Jackets,Navy Blue,Summer,2012.0,Casual,Just Natural Men Navy Blue Jacket,images/59115.jpg
33992,Women,Accessories,Scarves,Scarves,Off White,Summer,2012.0,Casual,Femella Women Printed Off White Scarf,images/33992.jpg
15030,Women,Apparel,Topwear,Sweaters,Pink,Fall,2011.0,Casual,ADIDAS Women Stripes Pink Sweaters,images/15030.jpg
7686,Men,Apparel,Topwear,Jackets,Red,Fall,2011.0,Sports,Puma Men Alonso Track Red Ferrari Jacket,images/7686.jpg
16017,Men,Accessories,Scarves,Scarves,Black,Fall,2011.0,Casual,Turtle Check Men Black Scarf,images/16017.jpg
41314,Women,Apparel,Bottomwear,Leggings,Black,Fall,2012.0,Casual,Aurelia Women Black Leggings,images/41314.jpg
14324,Women,Apparel,Topwear,Sweaters,Pink,Fall,2011.0,Casual,ADIDAS Women Stripes Pink Sweaters,images/14324.jpg
59112,Men,Apparel,Topwear,Jackets,Olive,Summer,2012.0,Casual,Just Natural Men Olive Jacket,images/59112.jpg
57088,Women,Apparel,Bottomwear,Skirts,Teal,Summer,2012.0,Casual,Elle Women Teal Skirt,images/57088.jpg
18522,Men,Apparel,Topwear,Jackets,Black,Summer,2015.0,Casual,C Vox Men Solid 1349 Black Jacket,images/18522.jpg
18710,Women,Apparel,Bottomwear,Skirts,Tan,Fall,2011.0,Casual,Arrow Woman Printed Tan Skirt,images/18710.jpg
33961,Women,Apparel,Bottomwear,Leggings,Red,Summer,2012.0,Casual,Femella Women Red Leggings,images/33961.jpg
54052,Women,Apparel,Bottomwear,Leggings,Navy Blue,Summer,2012.0,Casual,Myntra Women Navy Blue Leggings,images/54052.jpg
15462,Men,Apparel,Topwear,Jackets,Black,Fall,2011.0,Casual,Puma Men Heroes Wind Black Jackets,images/15462.jpg
15006,Men,Apparel,Topwear,Jackets,White,Fall,2011.0,Sports,ADIDAS Men Solid White Jackets,images/15006.jpg
28944,Women,Apparel,Bottomwear,Leggings,Pink,Summer,2012.0,Casual,BIBA OUTLET Women Pink Leggings,images/28944.jpg
13305,Women,Apparel,Bottomwear,Skirts,Red,Fall,2011.0,Casual,Gini and Jony Kids Girls Solid Red Skirts,images/13305.jpg
41322,Women,Apparel,Bottomwear,Leggings,Orange,Summer,2012.0,Ethnic,Aurelia Women Orange Leggings,images/41322.jpg
33957,Women,Apparel,Bottomwear,Leggings,Black,Spring,2012.0,Casual,Femella Women Black Leggings,images/33957.jpg
25036,Women,Apparel,Bottomwear,Leggings,Grey,Fall,2011.0,Casual,Nike Women Depth Long Grey Leggings,images/25036.jpg
28943,Women,Apparel,Bottomwear,Leggings,Green,Summer,2012.0,Casual,BIBA OUTLET Women Green Leggings,images/28943.jpg
57086,Women,Apparel,Bottomwear,Skirts,Pink,Summer,2012.0,Casual,Elle Women Pink Vintage Skirt,images/57086.jpg
54055,Women,Apparel,Bottomwear,Leggings,Rust,Summer,2012.0,Casual,Myntra Women Rust Leggings,images/54055.jpg
47670,Women,Accessories,Scarves,Scarves,Cream,Summer,2012.0,Casual,Femella Women Cream and Black Printed Scarf,images/47670.jpg
33508,Women,Apparel,Bottomwear,Skirts,Blue,Summer,2012.0,Casual,Doodle Kids Girl Washed Blue Skirt,images/33508.jpg
22458,Women,Apparel,Bottomwear,Leggings,Pink,Fall,2011.0,Casual,Myntra Women Pink Leggings,images/22458.jpg
47652,Women,Accessories,Scarves,Scarves,Pink,Summer,2012.0,Casual,Femella Women Pink & White Scarf,images/47652.jpg
38935,Girls,Apparel,Bottomwear,Leggings,Black,Summer,2012.0,Casual,Gini and Jony Girls Black Leggings,images/38935.jpg
59902,Women,Accessories,Scarves,Scarves,White,Fall,2012.0,Casual,Femella Women White Printed Scarf,images/59902.jpg
33149,Girls,Apparel,Bottomwear,Leggings,Pink,Summer,2012.0,Casual,Gini and Jony Girls Pink Leggings,images/33149.jpg
38932,Girls,Apparel,Bottomwear,Leggings,Pink,Summer,2012.0,Casual,Gini and Jony Girls Pink Leggings,images/38932.jpg
59905,Women,Accessories,Scarves,Scarves,Pink,Fall,2012.0,Casual,Femella Women Pink Printed Scarf,images/59905.jpg
3464,Unisex,Apparel,Apparel Set,Swimwear,Blue,Winter,2010.0,Sports,ADIDAS Kid's Light Aqua Swimming Cap,images/3464.jpg
44686,Women,Apparel,Bottomwear,Leggings,Magenta,Summer,2012.0,Casual,Wills Lifestyle Women Magenta Leggings,images/44686.jpg
33720,Women,Apparel,Bottomwear,Leggings,Green,Fall,2012.0,Casual,Pieces Women Green Leggings,images/33720.jpg
47663,Women,Accessories,Scarves,Scarves,Brown,Summer,2012.0,Casual,Femella Women Brown Leopard Print Scarf,images/47663.jpg
37514,Boys,Apparel,Bottomwear,Leggings,Yellow,Summer,2012.0,Casual,Madagascar3 Infant Boys Lemon Yellow Leggings,images/37514.jpg
33988,Women,Accessories,Scarves,Scarves,Blue,Summer,2012.0,Casual,Femella Women Printed Blue Scarf,images/33988.jpg
12839,Women,Apparel,Bottomwear,Skirts,Black,Fall,2011.0,Casual,Ant Kids Pleated Black Skirts,images/12839.jpg
22456,Women,Apparel,Bottomwear,Leggings,Blue,Fall,2011.0,Casual,Myntra Women Blue Leggings,images/22456.jpg
57092,Women,Apparel,Bottomwear,Skirts,Off White,Summer,2012.0,Casual,Elle Women Off White Skirt,images/57092.jpg
47664,Women,Accessories,Scarves,Scarves,Grey,Summer,2012.0,Casual,Femella Women Grey & Blue Butterfly Scarf,images/47664.jpg
13514,Women,Apparel,Bottomwear,Skirts,Blue,Fall,2011.0,Casual,Palm Tree Women Washed Blue Skirts,images/13514.jpg
50025,Women,Apparel,Bottomwear,Leggings,Nude,Winter,2015.0,Casual,Hanes Women Nude ComfortSoft Waistband Cotton Stretch Full Leggings,images/50025.jpg
2188,Women,Apparel,Apparel Set,Swimwear,Black,Summer,2016.0,Sports,ADIDAS Women Stripe Black Swimming Cap,images/2188.jpg
37578,Girls,Accessories,Gloves,Gloves,Green,Summer,2012.0,Casual,Madagascar 3 Infant Girls Light Green Mittens,images/37578.jpg
42973,Women,Apparel,Bottomwear,Swimwear,Magenta,Winter,2015.0,Casual,Amante Magenta Swimsuit WFSD05,images/42973.jpg
37540,Boys,Accessories,Gloves,Gloves,Yellow,Summer,2012.0,Casual,Madagascar 3 Infant Boys Yellow Mittens,images/37540.jpg
42974,Women,Apparel,Bottomwear,Swimwear,Brown,Winter,2015.0,Casual,Amante Brown Swimsuit WFSD06,images/42974.jpg
26863,Women,Apparel,Bottomwear,Skirts,Navy Blue,Summer,2012.0,Casual,Jealous 21 Women Navy Blue Skirts,images/26863.jpg
32252,Women,Apparel,Bottomwear,Skirts,Red,Summer,2012.0,Ethnic,Fabindia Women Red Skirts,images/32252.jpg
47665,Women,Accessories,Scarves,Scarves,Blue,Summer,2012.0,Casual,Femella Women Blue & White Scarf,images/47665.jpg
43655,Women,Apparel,Dress,Jumpsuit,Multi,Summer,2012.0,Casual,ONLY Women Multi Coloured Short Jumpsuit,images/43655.jpg
57897,Women,Accessories,Scarves,Scarves,White,Summer,2012.0,Casual,Femella Women Black & Grey Scarf,images/57897.jpg
33989,Women,Accessories,Scarves,Scarves,Blue,Summer,2012.0,Casual,Femella Women Printed Blue Scarf,images/33989.jpg
59904,Women,Accessories,Scarves,Scarves,Pink,Fall,2012.0,Casual,Femella Women Pink Scarf,images/59904.jpg
3465,Unisex,Apparel,Apparel Set,Swimwear,Black,Fall,2010.0,Sports,ADIDAS Unisex Black White Swimming Cap,images/3465.jpg
33987,Women,Accessories,Scarves,Scarves,Purple,Summer,2012.0,Casual,Femella Women Check Purple Scarf,images/33987.jpg
47653,Women,Accessories,Scarves,Scarves,Yellow,Summer,2012.0,Casual,Femella Women Yellow & Grey Scarf,images/47653.jpg
59903,Women,Accessories,Scarves,Scarves,Peach,Fall,2012.0,Casual,Femella Women Peach Printed Scarf,images/59903.jpg
18903,Unisex,Accessories,Gloves,Gloves,Black,Summer,2011.0,Casual,ADIDAS Originals Unisex AC Striped Black Gloves,images/18903.jpg
19442,Men,Accessories,Gloves,Gloves,Black,Summer,2012.0,Casual,Quiksilver Men Black Octo Gloves,images/19442.jpg
37577,Girls,Accessories,Gloves,Gloves,Pink,Summer,2012.0,Casual,Madagascar 3 Infants Girl Pink Mittens,images/37577.jpg
57034,Women,Apparel,Dress,Jumpsuit,White,Summer,2012.0,Casual,Forever New Women White Playsuit,images/57034.jpg
37541,Boys,Accessories,Gloves,Gloves,Blue,Summer,2012.0,Casual,Madagascar 3 Infant Boys Blue Mittens,images/37541.jpg
13515,Women,Apparel,Bottomwear,Skirts,Blue,Fall,2011.0,Casual,Palm Tree Kids Girl Washed Blue Skirts,images/13515.jpg
42972,Women,Apparel,Bottomwear,Swimwear,Black,Winter,2015.0,Casual,Amante Black Swimsuit WCSD07,images/42972.jpg
37579,Girls,Accessories,Gloves,Gloves,White,Summer,2012.0,Casual,Madagascar 3 Infant Girls White Mittens,images/37579.jpg
31161,Boys,Apparel,Topwear,Blazers,Navy Blue,Summer,2012.0,Casual,Gini and Jony Boys Printed Navy Blue Blazer,images/31161.jpg
25939,Women,Accessories,Scarves,Scarves,White,Summer,2012.0,Casual,Femella Women White Scarf,images/25939.jpg
43317,Women,Apparel,Dress,Jumpsuit,Black,Summer,2012.0,Casual,United Colors of Benetton Women Black Jumpsuit,images/43317.jpg
23468,Men,Accessories,Scarves,Scarves,Brown,Winter,2015.0,Casual,Lino Perros Men Brown Check Scarf,images/23468.jpg
27231,Women,Apparel,Bottomwear,Skirts,Blue,Summer,2012.0,Casual,Doodle Kids Girl Washed Blue Skirt,images/27231.jpg
25937,Women,Accessories,Scarves,Scarves,Blue,Summer,2012.0,Casual,Femella Women Blue Scarf,images/25937.jpg
23461,Men,Accessories,Scarves,Scarves,Black,Winter,2015.0,Casual,Lino Perros Men Black Check Scarf,images/23461.jpg
25930,Women,Apparel,Bottomwear,Skirts,Black,Summer,2012.0,Casual,Femella Women Black Skirt,images/25930.jpg
23466,Men,Accessories,Scarves,Scarves,Grey,Winter,2015.0,Casual,Lino Perros Men Grey Check Scarf,images/23466.jpg
17638,Unisex,Accessories,Scarves,Scarves,Red,Fall,2011.0,Casual,Puma Unisex Graphic Red Scarf,images/17638.jpg
17636,Unisex,Accessories,Scarves,Scarves,Purple,Fall,2011.0,Casual,Puma Unisex Graphic Purple Scarf,images/17636.jpg
25955,Women,Accessories,Scarves,Scarves,Maroon,Summer,2012.0,Casual,Femella Women Maroon Scarf,images/25955.jpg
14629,Women,Accessories,Scarves,Scarves,Pink,Summer,2011.0,Casual,United Colors of Benetton Women Solid Pink Scarves,images/14629.jpg
25952,Women,Accessories,Scarves,Scarves,Blue,Summer,2012.0,Casual,Femella Women Printed Blue Scarf,images/25952.jpg
6857,Women,Apparel,Bottomwear,Skirts,Black,Summer,2011.0,Casual,Forever New Women's Animal Stroke Print Black Skirt,images/6857.jpg
25931,Women,Apparel,Bottomwear,Skirts,Red,Summer,2012.0,Casual,Femella Women Red Skirt,images/25931.jpg
23467,Men,Accessories,Scarves,Scarves,Beige,Winter,2015.0,Casual,Lino Perros Men Beige Check Scarf,images/23467.jpg
25936,Women,Accessories,Scarves,Scarves,Purple,Summer,2012.0,Casual,Femella Women Purple Scarf,images/25936.jpg
23460,Men,Accessories,Scarves,Scarves,Brown,Winter,2015.0,Casual,Lino Perros Men Brown Check Scarf,images/23460.jpg
24809,Unisex,Apparel,Bottomwear,Swimwear,Pink,Fall,2011.0,Sports,Nabaiji Unisex Pink Swimming Cap,images/24809.jpg
19543,Men,Accessories,Gloves,Gloves,Red,Fall,2011.0,Casual,United Colors of Benetton Men Solid Red Gloves,images/19543.jpg
2247,Women,Apparel,Apparel Set,Swimwear,Purple,Winter,2010.0,Sports,ADIDAS Women Swimming Purple Cap,images/2247.jpg
19544,Men,Accessories,Gloves,Gloves,Green,Fall,2011.0,Casual,United Colors of Benetton Men Solid Green Gloves,images/19544.jpg
27845,Women,Apparel,Topwear,Blazers,Black,Summer,2012.0,Formal,Scullers For Her Black Blazer,images/27845.jpg
31743,Men,Apparel,Topwear,Blazers,Olive,Summer,2012.0,Formal,Reid & Taylor Men Semi Formal Olive Blazer,images/31743.jpg
31729,Men,Apparel,Topwear,Blazers,Blue,Summer,2012.0,Formal,Reid & Taylor Men Blue Blazer,images/31729.jpg
31742,Men,Apparel,Topwear,Blazers,Black,Summer,2012.0,Formal,Reid & Taylor Men Semi Formal Black Blazer,images/31742.jpg
19545,Men,Accessories,Gloves,Gloves,Grey,Fall,2011.0,Casual,United Colors of Benetton Men Solid Grey Gloves,images/19545.jpg
19542,Men,Accessories,Gloves,Gloves,Blue,Fall,2011.0,Casual,United Colors of Benetton Men Solid Blue Gloves,images/19542.jpg
2562,Women,Apparel,Bottomwear,Swimwear,Black,Fall,2012.0,Sports,Nabaiji Women Black Swimsuit,images/2562.jpg
43674,Women,Apparel,Dress,Jumpsuit,Blue,Summer,2012.0,Casual,French Connection Women Blue Playsuit,images/43674.jpg
1580,Women,Apparel,Bottomwear,Swimwear,Black,Fall,2010.0,Sports,Nabaiji Women Cross-back Swimsuit,images/1580.jpg
57079,Women,Apparel,Dress,Jumpsuit,Blue,Summer,2012.0,Casual,Elle Women Blue Jumpsuit,images/57079.jpg
57811,Women,Apparel,Dress,Jumpsuit,Purple,Fall,2012.0,Casual,United Colors of Benetton Women Purple  Jumpsuit,images/57811.jpg
37556,Girls,Accessories,Gloves,Gloves,Green,Summer,2012.0,Casual,Madagascar 3 Infant Girls Light Green Mittens,images/37556.jpg
43675,Women,Apparel,Dress,Jumpsuit,Pink,Summer,2012.0,Casual,French Connection Women Multi Coloured Playsuit,images/43675.jpg
57078,Women,Apparel,Dress,Jumpsuit,Black,Summer,2012.0,Casual,Elle Women Black Jumpsuit,images/57078.jpg
37557,Girls,Accessories,Gloves,Gloves,White,Summer,2012.0,Casual,Madagascar 3 Infant Girls White Mittens,images/37557.jpg
42970,Women,Apparel,Bottomwear,Swimwear,Black,Summer,2017.0,Casual,Amante Black Swimsuit WCSD04,images/42970.jpg
40427,Women,Apparel,Dress,Jumpsuit,Olive,Summer,2012.0,Casual,Tonga Women Beige Jumpsuit,images/40427.jpg
43666,Women,Apparel,Dress,Jumpsuit,Peach,Summer,2012.0,Casual,ONLY Women Peach Short Jumpsuit,images/43666.jpg
37519,Boys,Accessories,Gloves,Gloves,White,Summer,2012.0,Casual,Madagascar 3 Infant Boys White Mittens,images/37519.jpg
37517,Boys,Accessories,Gloves,Gloves,Yellow,Summer,2012.0,Casual,Madagascar 3 Infant Boys Yellow Mittens,images/37517.jpg
19441,Men,Accessories,Gloves,Gloves,Black,Summer,2012.0,Casual,Quiksilver Men Casual Black Gloves,images/19441.jpg
42971,Women,Apparel,Bottomwear,Swimwear,Pink,Summer,2017.0,Casual,Amante Pink & Blue Swimwear,images/42971.jpg
37542,Boys,Accessories,Gloves,Gloves,White,Summer,2012.0,Casual,Madagascar 3 Infant Boys White Mittens,images/37542.jpg
37518,Boys,Accessories,Gloves,Gloves,Blue,Summer,2012.0,Casual,Madagascar 3 Infant Boys Blue Mittens,images/37518.jpg
37204,Women,Apparel,Dress,Jumpsuit,Teal,Summer,2012.0,Casual,United Colors of Benetton Women Printed Teal Jumpsuit,images/37204.jpg
31733,Men,Apparel,Topwear,Blazers,Black,Summer,2012.0,Formal,Reid & Taylor Men Charcoal Grey Blazer,images/31733.jpg
31732,Men,Apparel,Topwear,Blazers,Brown,Summer,2012.0,Formal,Reid & Taylor Men Brown Blazer,images/31732.jpg
